,ExpectedReturn
Schlumberger Limited,0.7819754032754207
Aluar Aluminio Argentino S.A.I.C.,0.5590086630673764
Banco BBVA Argentina S.A.,0.8367411964323868
Ternium Argentina S.A.,0.5375470727694621
Flughafen Wien Aktiengesellschaft,0.6086849723215141
Erste Group Bank AG,0.9498186405555219
OMV Aktiengesellschaft,0.7301042886448799
VERBUND AG,0.5838988977253954
Wienerberger AG,0.8420311552866709
Vienna Insurance Group AG,0.6384966395248164
VOESTALPINE AG,0.8845674748527936
Mayr-Melnhof Karton AG,0.43555524922329114
Immofinanz AG,0.8624578640385718
ADBRI Limited,0.7576191111031648
Aristocrat Leisure Limited,0.6538779581496046
AMP Limited,0.6927689726113856
Ansell Limited,0.5338866033240687
ANZ Group Holdings Limited,0.6424021404260155
ASX Limited,0.5656861492359729
Bendigo and Adelaide Bank Limited,0.6003237365892988
BHP Group Limited,0.7271803301882239
Bank of Queensland Limited,0.7414910625782365
Beach Energy Limited,0.8434885388802565
BWP Trust,0.46653982591504234
Commonwealth Bank of Australia,0.5729304624003604
Challenger Limited,0.9449254618020078
Cochlear Limited,0.5113899841634836
Computershare Limited,0.7206985936869046
Charter Hall Retail REIT,0.8176238866913204
CSL Limited,0.4131411327677331
CSR Limited,0.771212575825065
Downer EDI Limited,0.9757564117807112
Dexus,0.5972962484408657
Elders Limited,0.5966122022766922
Energy Resources of Australia Ltd,0.92884331351524
Flight Centre Travel Group Limited,0.9887317890703371
Goodman Group,0.8964788421101848
The GPT Group,0.6642102438269567
GUD Holdings Limited,0.6967245733505296
GWA Group Limited,0.6009026325076272
Hills Limited,0.6506534055325663
Harvey Norman Holdings Limited,0.714747229127366
Iluka Resources Limited,0.6654471117829173
James Hardie Industries plc,0.7221908764066023
Lendlease Group,0.7064565780601565
Macmahon Holdings Limited,0.9198233986551035
Mirvac Group,0.7455627112106035
Mount Gibson Iron Limited,1.121524504405274
Monadelphous Group Limited,0.9161982290511632
Macquarie Group Limited,0.8994883949446377
Metcash Limited,0.44093167246434894
National Australia Bank Limited,0.6772574267404043
Newcrest Mining Limited,0.6392431252611073
Origin Energy Limited,0.7457499785504146
Orica Limited,0.7103381892511751
OZ Minerals Limited,1.0179808376476833
Perpetual Limited,0.857163232965164
Qantas Airways Limited,0.8176662366306889
QBE Insurance Group Limited,0.6757159753237434
Ramsay Health Care Limited,0.4845184302129132
St Barbara Limited,0.48845167747028484
Sunland Group Limited,0.7964758632008844
Sims Limited,0.8921566172039356
Stockland,0.6436249839983775
Sonic Healthcare Limited,0.48369487984289944
Santos Limited,0.785435710423998
Suncorp Group Limited,0.6319650308953054
Seven West Media Limited,0.8809825915024305
Tabcorp Holdings Limited,0.6120305477627995
Transurban Group,0.4408208139179341
Telstra Group Limited,0.4198866327690597
Westpac Banking Corporation,0.6393099625951104
Wesfarmers Limited,0.6097440245701239
Woolworths Group Limited,0.3761365377376608
A2B Australia Limited,0.6474774306993298
Healius Limited,0.6612073170276264
Ampol Limited,0.7383701793096175
Woodside Energy Group Ltd,0.7176322647109143
Solvay SA,0.675159234367782
KBC Group NV,0.869182221372578
Cofinimmo SA,0.37350590816118745
Sofina,0.5523331165241939
Orange Belgium S.A.,0.3352379227269597
UCB SA,0.3752634025210365
Agfa-Gevaert NV,0.5715908485598368
Groupe Bruxelles Lambert SA,0.5113260145065484
Etn. Fr. Colruyt NV,0.1877230278901082
NV Bekaert SA,0.8477099148371057
ageas SA/NV,0.8258503862392192
Umicore SA,0.7333995390633482
Arch Capital Group Ltd.,0.2781711664775304
Chinese Estates Holdings Limited,0.6142312600302422
CK Infrastructure Holdings Limited,0.25033152711951023
COSCO SHIPPING Ports Limited,0.7356131129556417
DFI Retail Group Holdings Limited,0.3451657254873574
Esprit Holdings Limited,0.6532872120832314
"Everest Group, Ltd.",0.24641211483010222
Guoco Group Limited,0.3746442019052688
Hongkong Land Holdings Limited,0.5178108323558056
Hiscox Ltd,0.45290328037370625
Hopson Development Holdings Limited,0.9079990223607339
Huabao International Holdings Limited,0.47612853097344066
Jardine Matheson Holdings Limited,0.3366017443240741
Kerry Properties Limited,0.7433017515896725
Kunlun Energy Company Limited,0.5921133550698734
Nabors Industries Ltd.,1.0929621184987572
NWS Holdings Limited,0.6985640266733735
Orient Overseas (International) Limited,0.7897603511778293
RenaissanceRe Holdings Ltd.,0.15277844996755688
Shangri-La Asia Limited,0.5837999723182529
Signet Jewelers Limited,0.8534960975239068
Sinofert Holdings Limited,0.6800252153623445
Stolt-Nielsen Limited,0.7187166321285775
Transport International Holdings Limited,0.3045325618623003
"White Mountains Insurance Group, Ltd.",0.28085284965552987
Yue Yuen Industrial (Holdings) Limited,0.4631121007564634
Ambev S.A.,0.6495458193793846
Banco do Brasil S.A.,0.9502445194716507
Banco Bradesco S.A.,0.8236650186789477
BRF S.A.,0.7737223131553184
Braskem S.A.,0.947442146923343
Cia Energetica de Minas Gerais,0.6623379328449023
Companhia Paranaense de Energia - COPEL,0.6605620551935143
Companhia Siderurgica Nacional,1.1778070807007857
ENGIE Brasil Energia S.A.,0.5451091662249231
Eletrobras SA,0.660463603881595
Embraer S.A.,0.8357544330191562
Gerdau S.A.,1.1273057845597394
Metalurgica Gerdau S.A.,1.0949765531369888
Itausa Investimentos Itau S.A,0.8165219230127475
Itau Unibanco Holding SA,0.7839539953839318
Light S.A.,0.8227604048331277
Companhia Brasileira De Distribuicao,0.47807324788963734
Petrobras SA,0.9855631167298772
Cia Saneamento Basico De Sp,0.8266769966513398
Cia Transmissao Energia Electrica Paulista,0.5394605864484725
Usinas Siderurgicas de Minas Gerais SA,1.2234980998946043
Vale S.A.,0.8125241698433409
Telefonica Brasil S.A.,0.5474130937565926
WEG S.A.,0.6152157581423118
ARC Resources Ltd.,0.6070973800476543
Agnico Eagle Mines Limited,0.353430409358446
Alimentation Couche-Tard Inc.,0.37625349472101494
BCE Inc.,0.3314253808185077
Ballard Power Systems Inc.,0.7868696428117287
Bank of Montreal,0.5057760584458117
The Bank of Nova Scotia,0.5399510099091616
Barrick Gold Corporation,0.30395449369937855
Bausch Health Companies Inc.,0.40772741576404736
BlackBerry Limited,0.8526581877420486
Bombardier Inc.,1.0958617660341001
Brookfield Corporation,0.631748373134837
CAE Inc.,0.7874890404183202
CGI Inc.,0.4816639878347291
CI Financial Corp.,0.6594905212050072
Cameco Corporation,0.6789382956748824
Canadian Imperial Bank of Commerce,0.5404038056187676
Canadian National Railway Company,0.42929206499985345
Canadian Natural Resources Limited,0.7937172642402451
"Canadian Tire Corporation, Limited",0.5615753660598628
Canadian Utilities Limited,0.2953702862113552
Celestica Inc.,0.9327960272368615
Eldorado Gold Corporation,0.5486635692587253
Empire Company Limited,0.25710161840537954
Enbridge Inc.,0.333324402047325
Enerplus Corporation,0.8346868524248463
Ensign Energy Services Inc.,0.9322282284465496
Fairfax Financial Holdings Limited,0.46691766525889744
Finning International Inc.,0.7694940391304019
First Quantum Minerals Ltd.,1.2324519576252282
Fortis Inc.,0.265176248183109
Gildan Activewear Inc.,0.635313605878649
Great-West Lifeco Inc.,0.5155462611413432
IGM Financial Inc.,0.6558651226915377
Imperial Oil Limited,0.579311173358492
Kinross Gold Corporation,0.46726260183384866
Loblaw Companies Limited,0.26729544414077117
Magna International Inc.,0.6851115619029287
Manulife Financial Corporation,0.7179266898593242
Methanex Corporation,0.8911534824776123
Metro Inc.,0.255967870422955
National Bank of Canada,0.49232265796118807
Obsidian Energy Ltd.,0.9152457511221778
Onex Corporation,0.6476221518003504
Open Text Corporation,0.47521558575213746
Pan American Silver Corp.,0.6544463409852889
Power Corporation of Canada,0.5445164877085319
Precision Drilling Corporation,1.1475207337275042
"RB Global, Inc.",0.39071337079699264
RioCan Real Estate Investment Trust,0.4957953193040743
Rogers Communications Inc.,0.44883876642154574
Royal Bank of Canada,0.47217725599996446
SNC-Lavalin Group Inc.,0.657169040630428
Saputo Inc.,0.3430595711623144
Shaw Communications Inc.,0.3529152337548033
Sherritt International Corporation,1.0630573155662304
Stantec Inc.,0.5933410518200233
Suncor Energy Inc.,0.7276939895299919
SunOpta Inc.,0.7361778642845364
TC Energy Corporation,0.36873455122962334
Teck Resources Limited,1.2259802993866307
TELUS Corporation,0.4230410782810017
The Toronto-Dominion Bank,0.5390604949732964
TransAlta Corporation,0.4702980620312847
Trican Well Service Ltd.,0.8969365595540052
George Weston Limited,0.25894189290365643
Yamana Gold Inc.,0.6323366431140456
OC Oerlikon Corporation AG,1.0648964616243863
Swisscom AG,0.21036207280571054
Lindt & Sprungli AG Br,0.2971683860803429
Zurich Insurance Group AG,0.6077632664927187
Novartis AG,0.23539241922342935
Roche Holding AG,0.2349866519958774
Credit Suisse Group AG,0.7263871347781532
Adecco Group AG,0.7749281784237232
Clariant AG,0.7594398346261637
Holcim Ltd,0.74474038155555
ABB Ltd,0.7934713941065908
The Swatch Group AG,0.6145575707404611
Kudelski SA,0.7150328163094287
Baloise Holding AG,0.6430085562134449
Sonova Holding AG,0.5495442801665659
Lonza Group AG,0.42340227798133245
Valiant Holding AG,0.21268659855262972
Swiss Life Holding AG,0.8595336361113386
Schindler Holding AG,0.43220778632858814
Kuehne + Nagel International AG,0.5856142198201557
Logitech International S.A.,0.7000081441404936
Geberit AG,0.5117636888228033
Sulzer Ltd,0.8671741633454779
Nestle SA,0.25134865957392977
Chubb Limited,0.3469825360138748
Transocean Ltd.,1.04386450847472
Swiss Re AG,0.6928429819178051
"Richemont, Cie Financiere A Br",0.6704463419916556
UBS Group AG,0.6770879002809659
Flughafen Zurich AG,0.6017703999391648
Sika AG,0.5830831483946068
Georg Fischer AG,0.8802173523510601
Straumann Holding AG,0.5748957825871828
SGS SA,0.45968409850906505
Aguas Andinas S.A.,0.35839163536551705
LATAM Airlines Group S.A.,0.4637519572149577
Empresas CMPC S.A.,0.4686497885202108
AES Andes S.A.,0.5935691893410018
AntarChile S.A.,0.49472007255118794
Banco de Chile,0.3863189547555866
Banco Santander-Chile,0.4988693164659433
Compania Cervecerias Unidas S.A.,0.4130723125290877
CAP S.A.,0.8866470512876048
Banco de Credito e Inversiones,0.48726322413999396
COLBUN SA,0.4257823313141429
Embotelladora Andina S.A.,0.40272647897886643
Enel Generacion Chile S.A.,0.44893126289231766
Empresa Nacional de Telecomunicaciones S.A.,0.4555107376882566
Enel Americas S.A.,0.516440420638708
Falabella S.A.,0.613681308564305
Empresas Copec S.A.,0.572593738968195
Quinenco SA,0.5394309604022696
Vina Concha y Toro SA,0.4193435352312256
"China Vanke Co., Ltd.",0.25825849323206745
"China International Marine Containers (Group) Co., Ltd.",0.4382399316211919
"Shanghai Lujiazui Finance & Trade Zone Development Co.,Ltd.",0.21738750542488627
"Guangdong Electric Power Development Co., Ltd.",0.23400472817689633
"Bengang Steel Plates Co., Ltd.",0.3437875249370889
"Shanghai Zhenhua Heavy Industries Co., Ltd.",0.3989288131495234
"Inner Mongolia Yitai Coal Co.,Ltd",0.34264812138906464
Yantai Changyu Pioneer Wine Company Limited,0.3109481531378149
ZTE Corporation,0.3747792577464807
China Eastern Airlines Corporation Limited,0.3617016221284151
Angang Steel Company Limited,0.8855115887223312
Anhui Conch Cement Company Limited,0.7235871500687668
Anhui Expressway Company Limited,0.4636204224161502
"COSCO SHIPPING Energy Transportation Co., Ltd.",0.5338698072264328
China Southern Airlines Company Limited,0.7731656242453347
"Datang International Power Generation Co., Ltd.",0.48970399700923595
Dongfang Electric Corporation Limited,0.7198392218174183
Guangshen Railway Company Limited,0.5386003441169676
Harbin Electric Company Limited,0.7105693904418724
Huadian Power International Corporation Limited,0.5180645128345013
Jiangsu Expressway Company Limited,0.33282114479128544
Jiangxi Copper Company Limited,0.9707431923820549
Maanshan Iron & Steel Company Limited,0.8199770930257635
Sinopec Shanghai Petrochemical Company Limited,0.6327104093298983
Tsingtao Brewery Company Limited,0.36698048875998446
Yankuang Energy Group Company Limited,0.7873859556369636
"Zhejiang Expressway Co., Ltd.",0.40808255039385755
"Huaneng Power International, Inc.",0.3621835831897214
"CEZ, a. s.",0.6329004081535942
United Internet AG,0.6778791324799188
Deutsche Bank Aktiengesellschaft,0.8887779142904774
Bayerische Motoren Werke Aktiengesellschaft,0.7171592153003881
Beiersdorf Aktiengesellschaft,0.30823132127518577
LEONI AG,0.975014271325792
Continental Aktiengesellschaft,0.9998346045572823
Deutsche Telekom AG,0.36724975110445385
Fresenius SE & Co. KGaA,0.579852466405702
Fresenius Medical Care AG & Co. KGaA,0.4202998609968084
Bilfinger SE,0.7647222583557719
Heidelberg Materials AG,0.8003917133695139
Henkel AG & Co. KGaA,0.4901030238654989
HOCHTIEF Aktiengesellschaft,0.958708328554028
Salzgitter AG,0.9447709471405146
MLP SE,0.7324910126699676
Merck KGaA,0.4829261458477435
GEA Group Aktiengesellschaft,0.8095055015585059
PUMA SE,0.6589349947322655
Rheinmetall AG,0.7336209798587029
RWE Aktiengesellschaft,0.5563351922701313
Rhoen-Klinikum AG,0.3383268070494353
Mercedes-Benz Group AG,0.8767943220130949
SAP SE,0.6667280556253568
Siemens Aktiengesellschaft,0.7375795258571308
CECONOMY AG,0.9529393524926211
Sudzucker AG,0.3907815688985546
Heidelberger Druckmaschinen Aktiengesellschaft,0.9437916005329777
ThyssenKrupp AG,1.0777787977023185
Washtec AG,0.5863793456434815
Volkswagen AG,0.8752272946599147
Deutsche Lufthansa AG,0.7537029325157958
Hannover Ruck SE,0.537642110387075
Allianz SE,0.7923207028492033
Munich Re AG,0.5545618244886416
Aixtron SE,0.9641537489651636
Adidas AG,0.620908331024809
Software Aktiengesellschaft,0.4522036983637266
BASF SE,0.7387485334799748
Bayer Aktiengesellschaft,0.6341288512410586
Commerzbank AG,0.9775258224460504
McKesson Europe AG,0.3766671340905756
E.ON SE,0.5230904037492193
K+S Aktiengesellschaft,0.6930333116852707
ProSiebenSat.1 Media SE,1.1816290117077
TUI AG,1.0532131915610317
Carlsberg A/S,0.5470936838163687
Rockwool A/S,0.6447270818732588
FLSmidth & Co. A/S,0.8451570573641128
AP Moller - Maersk AS,0.6986340345610468
GN Store Nord A/S,0.7678830342828185
Danske Bank A/S,0.7100454843471334
NKT A/S,0.9031216800679671
Jyske Bank A/S,0.6284946889105221
Sydbank A/S,0.6895280350587752
DSV A/S,0.7649073242582348
Coloplast A/S,0.2196917011399164
Topdanmark A/S,0.41632996535244676
Demant A/S,0.5988803337804676
Vestas Wind Systems A/S,0.8199918447216965
Eastern Company S.A.E,0.34854054531464007
Ezz Steel Company (S.A.E),0.7984295965673042
Al Ezz Dekheila Steel Company - Alexandria S.A.E.,0.11781082988693012
QNB Alahli S.A.E,0.467859335232285
Commercial International Bank (Egypt) S.A.E,0.5002310215040512
"Ebro Foods, S.A.",0.3556313075012261
"Banco Bilbao Vizcaya Argentaria, S.A.",0.8404115053836979
"Bankinter, S.A.",0.6080204692578999
"Banco Santander, S.A.",0.8412701716000069
"Naturgy Energy Group, S.A.",0.5162865712120914
Corporacion Financiera Alba,0.6172201786906745
"Indra Sistemas, S.A.",0.5590977032207305
"Fomento de Construcciones y Contratas, S.A.",0.5894830703235397
"Mapfre, S.A.",0.6901378787133826
"Acciona, S.A.",0.6185576980259849
"Endesa, S.A.",0.5302363615439493
"Acerinox, S.A.",0.7511146240000698
"Faes Farma, S.A.",0.6009049065196972
Obrascon Huarte,0.963255016821353
"Iberdrola, S.A.",0.4752074287169045
"NH Hotel Group, S.A.",0.9117940358586136
ACS Actividades de Construccion y Servicios SA,0.6177270122299455
Red Electrica Corporacion SA,0.3917668653001971
"Repsol, S.A.",0.6505875936896772
Telefonica SA,0.515993244491391
"Sacyr, S.A.",0.9451998928982907
Kesko Oyj,0.41825328884109236
TietoEVRY Oyj,0.6678703963930842
Huhtamaki Oyj,0.48050525836193175
Nokia Oyj,0.6054919944671504
Uponor Oyj,0.7209284293462732
Outokumpu Oyj,0.9487787398445021
Wartsila Oyj,0.7762935069387781
Nokian Renkaat Oyj,0.7243153755843312
Konecranes Plc,0.8660170062238034
Stora Enso OYJ,0.7026116473390587
UPM-Kymmene Oyj,0.6277546804145976
Fortum Oyj,0.5701589972063374
Sanoma OYJ,0.5108266682107123
Elisa Oyj,0.45455596539605353
KONE Oyj,0.5130689713462823
YIT Oyj,0.814825647617532
Nordea Bank Abp,0.7545220489011969
Icade,0.5949022760566745
Seche Environnement,0.6634852533867974
Etablissements Maurel & Prom S.A.,0.7807129974583821
AtoS SE,0.8112115987085011
Hermes Intl,0.5041596332598128
M6 - Metropole TV,0.7034725198786537
Ubisoft Entertainment SA,0.6317573656018038
TF1 SA,0.7781649464849846
Covivio,0.7092044682775215
Safran SA,0.6880915907271877
L'Air Liquide S.A.,0.42002298097511237
Carrefour SA,0.4301739109314335
TotalEnergies SE,0.47103245756371076
L'Oreal,0.4027482477596811
Accor SA,0.7481648234678397
Bouygues SA,0.6384570379817365
Quadient S.A.,0.4375067622103517
Sanofi,0.32889391150616837
AXA SA,0.8823342456138381
Danone S.A.,0.3720131779147312
Pernod Ricard SA,0.4602051861536737
Imerys S.A.,0.7834106363239899
BIC,0.3384888463553262
LVMH-Moet Vuitton,0.6797456132102421
Eurazeo SE,0.8366628322563777
Wendel,0.9607619553791086
Sodexo S.A.,0.5109524153136711
Thales S.A.,0.4525563966226537
Kering SA,0.7047520770019672
EssilorLuxottica,0.42699714901121255
Klepierre,0.7465999500309173
Schneider Electric S.E.,0.6344883973836395
Compagnie de Saint-Gobain S.A.,0.7948822283716955
Capgemini SE,0.821911332660872
VINCI SA,0.5636390074824099
"Casino, Guichard-Perrachon S.A.",0.5662551511485223
Vivendi SE,0.5446037982839104
Lagardere SA,0.6588295863954174
Remy Cointreau SA,0.49179824052352056
Christian Dior SE,0.7289647102001287
Eiffage SA,0.7347655718118008
Publicis Groupe S.A.,0.6749723245747565
Societe Generale,0.9093597156675541
BNP Paribas SA,0.7639469357949801
ERAMET S.A.,1.0266090229495592
Renault SA,1.0554380726426296
Orange S.A.,0.3597492226748049
Gecina,0.7508237085765521
Alstom SA,0.8607520298366794
SCOR SE,0.7025453512659813
Valeo SE,0.9488191533536223
CGG,1.2497512210109019
Unibail-Rodamco-Westfield SE,0.7158249030188162
Vantiva S.A.,0.9615838836850201
Vallourec S.A.,1.026412609614819
Eurofins Scientific SE,0.5124692158934852
Dassault Systemes SA,0.5721645100701966
Michelin CGDE A Beiges,0.7253217111025044
Speedy Hire Plc,0.7843037916071108
Anglo-Eastern Plantations Plc,0.5502387324496201
Antofagasta plc,0.7296708268374383
Ashtead Group plc,0.949674244585664
Braemar Plc,0.6889242618341125
Barratt Developments PLC,0.8879623835068049
Bellway p.l.c.,0.6200415211783019
Balfour Beatty Plc,0.4934264336233573
Henry Boot Plc,0.5188564727680981
British Land Company Plc,0.6246424459321648
Tullow Oil plc,0.8707019931841172
Xaar plc,0.9639825309513366
J D Wetherspoon plc,0.541922785889492
Camellia Plc,0.4303533220850262
Castings P.L.C.,0.5192572641509083
Diploma PLC,0.5322694149076925
Vistry Group PLC,0.7410256197573073
TClarke plc,0.5524155632902075
Clarkson Plc,0.6480245316235524
Rathbones Group Plc,0.516660162473399
Cranswick plc,0.34006792303460903
R.E.A. Holdings Plc,0.49573882498149174
Diageo Plc,0.29314726419446036
Elementis plc,0.8287421609510206
BAE Systems Plc,0.4300825511523957
Derwent London Plc,0.5888714283969232
Devro plc,0.3822371690617922
British American Tobacco p.l.c.,0.37045330866021076
Town Centre Securities Plc,0.644323187831918
RS Group plc,0.6185074952674015
Spectris plc,0.6990170555709981
James Fisher and Sons plc,0.5696942025258038
FirstGroup Plc,0.6687764487437177
Games Workshop Group PLC,0.4525923486819172
Halma plc,0.45680869973829863
Standard Chartered PLC,0.7531595048245325
Hays plc,0.6630843166656657
Headlam Group plc,0.6137349115039306
Hill & Smith PLC,0.6867060644958303
Hunting PLC,0.6954026773129954
Imperial Brands Plc,0.33517372400043743
Mitie Group plc,0.6047178112651577
Spirent Communications Plc,0.6504523096769527
Keller Group plc,0.724224703692144
Kier Group plc,0.6153103517371585
HSBC Holdings Plc,0.5106745625389358
Howden Joinery Group PLC,0.8099486146192695
Legal & General Group Plc,0.7947831710876292
Mears Group plc,0.6167941571984568
McBride plc,0.49957243054222134
Morgan Advanced Materials PLC,0.9122067711749833
Mobico Group Plc,0.8063230019841955
Ecora Resources PLC,0.6190392917413632
4imprint Group PLC,0.7140053145117815
Oxford Instruments plc,0.6050749768900086
Associated British Foods plc,0.47392266444557857
Pearson plc,0.38843910403120424
Persimmon Plc,0.6263148994769003
Unite Group Plc,0.8946685358152886
Porvair plc,0.5498740357676376
Prudential Plc,0.8255077528833189
Rio Tinto Group,0.666172832171058
Renishaw plc,0.7109009627548435
Ricardo plc,0.5235207518874977
Liontrust Asset Management PLC,0.6683275277761339
RPS Group Limited,0.8491424196302318
Close Brothers Group plc,0.6351008495830966
St. James's Place plc,0.7162160663477802
Kin and Carta plc,0.7801507625932687
SSE plc,0.31693534709872556
Senior plc,0.9134186535929425
Serco Group plc,0.47815814552264896
BP p.l.c.,0.4913476774822796
SIG PLC,0.9217624302941176
Morgan Sindall Group plc,0.6395023744269877
DS Smith Plc,0.759225760078899
ME Group International plc,0.618650379802662
Lloyds Banking Group Plc,0.75215069778339
TT Electronics plc,0.792006163769563
Taylor Wimpey plc,0.9650962209646449
Telecom Plus Plc,0.2195670818704402
Mothercare plc,0.4493347328330557
Smith & Nephew plc,0.3039496430230235
Vp Plc,0.5726280625018412
Victrex plc,0.5352220305036162
Videndum Plc,0.772437340475785
The Weir Group PLC,0.8574691036578174
Wilmington Plc,0.563780827473912
Babcock International Group PLC,0.5953459199150006
AstraZeneca Plc,0.2722260847936846
Amdocs Limited,0.5392874069850093
BT Group plc,0.5633910642815613
Marks and Spencer Group plc,0.529015382992314
Barclays PLC,0.9018611134417159
NEXT plc,0.4538834075088523
Bloomsbury Publishing plc,0.36246875189963623
Kingfisher plc,0.5412024316334617
ITV Plc,0.9288417068687963
Marshalls plc,0.6475603777153558
J Sainsbury plc,0.4195935680921494
Hornby Plc,0.48128455896579864
Centrica plc,0.4635727377526735
Grainger Plc,0.7614119698459859
Bunzl plc,0.34114581057593646
Rentokil Initial plc,0.5557488515404031
Helical plc,0.47497152820224414
The Restaurant Group plc,0.725054201647129
Unilever PLC,0.2934323869347327
Savills plc,0.6312331974745579
Lookers plc,0.8224799658512848
Topps Tiles Plc,0.8637642784610987
PZ Cussons Plc,0.3628058177850732
Severn Trent Plc,0.3036297168209673
Pendragon PLC,0.8949652847200448
Marston's PLC,0.6844259392747073
Whitbread PLC,0.6078286904857462
The Rank Group Plc,0.7110687796905921
N Brown Group plc,0.7109484614399691
Smiths Group plc,0.4527857925484679
Anglo American Plc,0.827606365012671
3i Group plc,0.775636405430042
Capita plc,0.577319238391457
Reckitt Benckiser Group PLC,0.2709049711451546
Severfield Plc,0.6505511614937729
RELX PLC,0.3588532889792376
Paragon Banking Group Plc,0.859097812499978
WH Smith PLC,0.5513818003858578
United Utilities Group Plc,0.273011102208171
STV Group Plc,0.6050269048810328
De La Rue plc,0.5127308815449644
Bodycote Plc,0.830337965416036
Redde Northgate plc,1.0878689222412856
Chemring Group PLC,0.4329500254603955
Pharos Energy plc,0.6696165801433219
SEGRO Plc,0.6595730766241364
Inchcape plc,0.876017631707846
Rolls-Royce Holdings Plc,0.7337296441939549
Greggs plc,0.4931205987673625
Costain Group PLC,0.7671565950262674
Workspace Group plc,0.656124009104484
A.G. BARR p.l.c.,0.3105391081950219
Vesuvius plc,1.1500747429342435
The Sage Group plc,0.5094257556315888
Coca-Cola Europacific Partners PLC,0.4875357738278206
Oxford BioMedica Plc,0.6608756238172375
National Grid PLC,0.2564614172303976
CLS Holdings plc,0.5072222591669003
Great Portland Estates Plc,0.49389218660545986
Redrow plc,0.6549698642329626
IMI plc,0.7188201882520431
Vodafone Group Public Limited Company,0.35600670932077366
Croda International Plc,0.5178599895899823
RM plc,0.6946071275881222
Hammerson plc,0.7675731223358082
Travis Perkins plc,0.8804175938338298
Hyve Group Limited,1.0068840926104952
Galliford Try Holdings PLC,0.5948406497634083
Capital & Regional PLC,0.9095436744587766
Tesco PLC,0.39191945706813425
The Berkeley Group Holdings plc,0.514497208809207
NatWest Group plc,0.8796830713705516
JD Sports Fashion plc,0.6137256157035932
Informa PLC,0.7245599852546839
GSK plc,0.2723240551155431
Pennon Group Plc,0.28071937043464273
Renewi plc,0.8369931929202014
Shell plc,0.47595270664494777
Tate & Lyle plc,0.38844899242960346
Schroders Plc,0.7416513542124105
Aviva plc,0.6932962472128446
MJ Gleeson Plc,0.472622687809679
Computacenter Plc,0.6385926139982434
Rotork plc,0.6235169298857629
Spirax-Sarco Engineering plc,0.5057563552254064
Primary Health Properties Plc,0.2644119129268519
Intermediate Capital Group plc,0.8954115022915353
Land Securities Group PLC,0.6359144448760604
Homeserve Plc,0.38324376662027726
Future Plc,0.6204403850714896
Johnson Matthey Plc,0.675851333999508
National Bank of Greece S.A.,1.1290496743720768
Bank of Greece,0.5668326790405522
Piraeus Financial Holdings S.A.,0.6448162138296905
Hellenic Telecommunications Organization S.A.,0.6089184385584253
HELLENiQ ENERGY Holdings S.A.,0.9373968657415677
MIG Holdings S.A.,1.1527061143101638
Eurobank Ergasias Services and Holdings S.A.,0.5380869272305655
Television Broadcasts Limited,0.8481732431685921
Shoucheng Holdings Limited,0.8637890968827379
New World Development Company Limited,0.7432866219564791
Yuexiu Property Company Limited,0.13128692063972117
CLP Holdings Limited,0.2793631698774535
The Hong Kong and China Gas Company Limited,0.6660292484937397
Wharf (Holdings) Limited,0.13116300925630806
Power Assets Holdings Limited,0.28519320114400915
PCCW Limited,0.5350788456602577
Hang Lung Group Limited,0.3600561057403087
Hang Seng Bank Limited,0.6690454706122796
Henderson Land Development Company Limited,0.5481096617171379
Hysan Development Company Limited,0.5672742871745073
Sun Hung Kai Properties Limited,0.5096560186731192
Swire Pacific Limited,0.5280246694680637
"The Bank of East Asia, Limited",0.700703696579963
Sino Land Company Limited,0.5090098491924236
Hang Lung Properties Limited,0.6566390332891807
China Merchants Port Holdings Company Limited,0.856539566555208
China Everbright Limited,0.9985995661348918
Melco International Development Limited,0.8347070123824644
Shun Tak Holdings Limited,0.7806671963688184
CITIC Limited,0.2973826926802814
Guangdong Investment Limited,0.5447689231778438
China Resources Beer (Holdings) Company Limited,0.5579296980556944
Cathay Pacific Airways Limited,0.6905315456460037
China Travel International Investment Hong Kong Limited,0.5995554758010769
Shanghai Industrial Holdings Limited,0.3663206031145499
Beijing Enterprises Holdings Limited,0.7291345646188016
Dah Sing Financial Holdings Limited,0.5678010873190563
China Overseas Land & Investment Limited,0.34090511263490547
China Mobile Limited,0.7233204058332579
Lenovo Group Limited,0.9538030000988296
OTP Bank Nyrt.,0.5871700273292324
Magyar Telekom,0.5818874624122842
Richter Gedeon,0.7351513469403205
MOL Magyar Olaj- es Gazipari Nyilvanosan Mukodo Reszvenytarsasag,0.7699850319384779
PT Medco Energi Internasional Tbk,0.7868245792916897
PT Indofood Sukses Makmur Tbk,0.5995487430218752
PT Indocement Tunggal Prakarsa Tbk,0.23791483023615564
PT Astra Agro Lestari Tbk,0.8966630626360002
PT Gudang Garam Tbk,0.8815742972246997
P.T. Bank Pan Indonesia Tbk,0.6419466195109461
PT Bank Danamon Indonesia Tbk,0.9660137804340008
PT Unilever Indonesia Tbk,0.5963820567478171
PT Bank Negara Indonesia (Persero) Tbk,0.4873296948011898
PT Indosat Ooredoo Hutchison Tbk,0.5113763285140039
PT Bank Maybank Indonesia Tbk,0.7350928982002555
PT Global Mediacom Tbk,0.33968097750258375
PT Aneka Tambang Tbk,0.7275313364129402
PT Semen Indonesia (Persero) Tbk,0.9314691322798139
PT Lippo Karawaci Tbk,0.5933388031990567
PT Vale Indonesia Tbk,1.3530832844223595
PT Bakrie & Brothers Tbk,1.2561121102400672
PT Astra International Tbk,0.3024506328036414
PT Kalbe Farma Tbk.,0.6849565480671309
Perusahaan Perseroan (Persero) PT Telekomunikasi Indonesia Tbk,0.31973196278392246
DCC plc,0.5349193870875033
Greencore Group plc,0.2995415460101027
Kerry Group plc,1.1239927299355283
Kingspan Group Plc,0.585686632949738
Grafton Group plc,0.51347931919633
Eaton Corporation plc,0.35401084757869655
Bank Of Ireland Group plc,0.4961865491021213
AIB Group Plc,0.6404267559617195
Perrigo Company plc,0.9129901348895116
Trane Technologies plc,0.5879151410576781
Aon plc,0.5769943894255093
Pentair PLC,0.596475568063702
Medtronic plc,0.4648852599018053
Permanent TSB Group Holdings Plc,0.3581115067620359
Johnson Controls International plc,0.37346098473909234
Ryanair Holdings Plc,0.7856531097326369
Bezeq The Israel Telecommunication Corp. Ltd,0.6803001091624026
NICE Ltd.,0.618830118300965
ICL Group Ltd,0.6357010237873533
Israel Corporation Ltd,0.7823895206149563
First International Bank of Israel Ltd,0.8914473905010908
Bank Leumi Le-Israel B.M.,0.5234724275052471
Bank Hapoalim B.M.,0.606036350082891
Mizrahi Tefahot Bank Ltd.,1.0307972796709424
Elbit Systems Ltd.,0.3769682255779586
Check Point Software Technologies Ltd.,0.8861402190497696
Delek Group Ltd.,1.0925008345207772
BATM Advanced Communications Ltd.,0.38572123648623313
Housing Development Finance Corporation Limited,0.7122485396371045
Reliance Industries Limited,0.5610247656488485
Siemens Limited,0.2336074204430784
IDBI Bank Limited,1.022986587990983
Infosys Limited,1.0716444751813323
ACC Limited,0.6247666854453922
Reliance Capital Limited,0.4784930942363555
Dabur India Limited,0.7176953171126024
Larsen & Toubro Limited,0.7578134617696727
JSW Steel Limited,0.3846663500342881
Asian Paints Limited,0.7530710402102154
Bank of Baroda Limited,0.9230562947543737
Bharat Petroleum Corporation Limited,0.6800858213159605
Hindustan Unilever Limited,0.5573394204069255
Reliance Infrastructure Limited,1.146115939610506
Hindalco Industries Limited,0.858150113207705
HDFC Bank Limited,0.39432204493829476
Sun Pharmaceutical Industries Limited,0.9314754235295641
Grasim Industries Limited,0.5015812514959584
The Indian Hotels Company Limited,0.7453422606482705
Cipla Limited,0.8143381643036044
State Bank of India,0.5612662639424066
CG Power and Industrial Solutions Limited,1.0555273239830143
Wipro Limited,0.7823925496900815
Ambuja Cements Limited,0.6110997945219641
Tata Steel Limited,0.8034733116825955
Bank of India Limited,0.6314364159850165
Dr. Reddy's Laboratories Limited,0.7334312699166078
ICICI Bank Limited,0.739463574867041
Hindustan Petroleum Corporation Limited,0.4302689380677621
Mahindra & Mahindra Limited,1.146051521487154
Mangalore Refinery and Petrochemicals Limited,0.526266284256751
Container Corporation of India Limited,0.40103677650386965
Steel Authority of India Limited,1.1314132829753303
ABB India Limited,0.7229940061059584
GAIL (India) Limited,0.6566869657469205
National Aluminium Company Limited,0.4237449159327018
Piramal Enterprises Limited,0.7893785911149025
Tata Communications Limited,0.9177131244501033
Thermax Limited,0.3013363523349359
ITC Limited,0.5059387162978982
Tata Motors Limited,0.7956866681601766
Hero MotoCorp Limited,0.7490049013030615
GlaxoSmithKline Pharmaceuticals Limited,0.800395215787332
Vedanta Limited,0.26566993663676597
Ashok Leyland Limited,0.6421371622653238
Oil and Natural Gas Corporation Limited,0.8991631986328744
Britannia Industries Limited,0.7038030695485643
Kotak Mahindra Bank Limited,0.6704297584052655
Axis Bank Limited,0.8765722787923327
Nestle India Ltd,0.8466409635764771
Indian Oil Corporation Limited,0.7275980789609359
The Tata Power Company Limited,0.7687448978067838
Zee Entertainment Enterprises Limited,1.1764577971186716
Bharat Heavy Electricals Limited,1.080056753774974
Colgate-Palmolive (India) Limited,0.7303737634708288
Bharat Electronics Limited,0.6346012787134276
Hindustan Zinc Limited,0.6976936298922362
Cummins India Limited,0.5751057523071024
Exide Industries Limited,0.7656325532833407
Adani Enterprises Limited,0.5036570101011619
Bharat Forge Limited,0.5912975116173902
NLC India Limited,0.7474809281971851
UPL Limited,0.602250480991969
Unitech Limited,0.7731904652324754
Jindal Steel & Power Limited,0.6899301585510441
United Spirits Limited,0.508758039692305
Assicurazioni Generali S.p.A.,0.5397689258019466
Mediobanca Banca di Credito Finanziario S.p.A.,0.5832433364821418
BPER Banca SpA,0.736247472734848
Intesa Sanpaolo S.p.A.,0.6470620929116155
Banca Popolare di Sondrio S.p.A,0.71271191542415
Sabaf S.p.A.,0.7238195174294483
Autogrill S.p.A.,0.8891962217853258
A2A S.p.A.,0.8413515891101504
Buzzi S.p.A.,0.8779197215737548
Arnoldo Mondadori Editore S.p.A.,0.7074001869088876
Enel SpA,0.6112000038243894
Eni S.p.A.,0.7044258395966203
Telecom Italia S.p.A.,0.46609383976297925
Leonardo S.p.a.,0.2662372597651489
Unipol Gruppo S.p.A.,0.4643199912565058
UnipolSai Assicurazioni S.p.A.,0.5205323115738342
Banco BPM S.p.A.,0.2707938763286439
UniCredit S.p.A.,0.5627378190399447
Saipem SpA,0.10176706384221419
Tessellis S.p.A.,0.8135665735414536
Banca Monte dei Paschi di Siena S.p.A.,0.5378390217164722
WPP Plc,0.1251338154407625
Man Group Plc,0.6827228164070964
Ferguson PLC,0.3688290276593242
Aisin Corporation,0.7016723506993647
"Acom Co., Ltd.",0.6795119343620988
Asahi Kasei Corporation,0.09979376196996949
AGC Inc.,0.4691548636884004
"Asahi Group Holdings, Ltd.",0.2863237175539181
ASICS Corporation,0.5940825486255014
"Ajinomoto Co., Inc.",0.4385334784544261
Advantest Corporation,0.586098729029678
"Amada Co., Ltd.",0.18610526001479713
"ARIAKE JAPAN Co., Ltd.",0.4458510345515377
"Alps Alpine Co., Ltd.",0.2951345202931804
"AEON Financial Service Co., Ltd.",0.4091678557116899
IHI Corporation,0.6434467838328509
Isuzu Motors Limited,0.4276828679136247
"Ito En, Ltd.",0.6397629770175882
ITOCHU Corporation,0.35304341872691314
ITOCHU Techno-Solutions Corporation,0.7376133323432857
"Ibiden Co.,Ltd.",0.32386014684214504
Ushio Inc.,0.2974654649413618
UBE Corporation,0.07356102724722965
"Eisai Co., Ltd.",0.27613195902162335
SMC Corporation,0.520956580316714
"Square Enix Holdings Co., Ltd.",0.14116422492778352
NOK Corporation,0.16671582831815124
NTN Corporation,0.5036231672096533
NTT DATA Group Corporation,0.12851486670291734
Ebara Corporation,0.7606482645757172
Leopalace21 Corporation,0.38848753280343173
Okuma Corporation,0.3291701305185371
"OBIC Co.,Ltd.",0.11700749408378606
Oji Holdings Corporation,0.4319645978283264
"Osaka Gas Co., Ltd.",0.36233551726037994
Obayashi Corporation,0.4872095332876394
"Oki Electric Industry Co., Ltd.",0.3248727999600634
"Odakyu Electric Railway Co., Ltd.",0.24942383982732966
"Ono Pharmaceutical Co., Ltd.",0.858521155845598
OMRON Corporation,0.5785386227943523
"Oriental Land Co., Ltd.",0.012315922293457595
ORIX Corporation,0.32294025225833667
Olympus Corporation,0.41172893264847915
"Onward Holdings Co., Ltd.",0.3248139894912034
Kao Corporation,0.3851461724131908
"Casio Computer Co.,Ltd.",0.19750451908849317
Kajima Corporation,0.053227334769101055
Kaneka Corporation,0.4273337208512289
"Capcom Co., Ltd.",0.27297608844261
"Kamigumi Co., Ltd.",0.2945734242273163
"Kawasaki Kisen Kaisha, Ltd.",0.05607181719105104
"Kawasaki Heavy Industries, Ltd.",0.2019686079998826
"The Kansai Electric Power Company, Incorporated",0.509005755481167
"Kansai Paint Co., Ltd.",0.1797705737629747
Keyence Corporation,0.39320093466418427
Kikkoman Corporation,0.469358323541575
Canon Inc.,0.49576778688930784
Canon Marketing Japan Inc.,0.3662304162091775
"Kyushu Electric Power Company, Incorporated",0.16583965762784197
Kyocera Corporation,0.10405128458139802
"Kyowa Kirin Co., Ltd.",0.2792019482801517
"Kirin Holdings Company, Limited",0.08015636395635685
"Kintetsu Group Holdings Co.,Ltd.",0.14594506393334863
Kinden Corporation,0.6479733365386386
Kubota Corporation,0.6530644551628534
MediPal Holdings Corporation,0.20502589229720639
"Kuraray Co., Ltd.",0.48110632627052563
Kurita Water Industries Ltd.,0.5417167193077606
"Credit Saison Co., Ltd.",0.672066351490775
Glory Ltd.,0.32199366107906846
"The Gunma Bank, Ltd.",0.4778736602880775
Keio Corporation,0.41299748892823496
"Keisei Electric Railway Co., Ltd.",0.1428501122440927
Keikyu Corporation,0.1676000717674731
Kose Corp,0.23556531573718625
"Kobe Steel, Ltd.",0.3335108885981682
JTEKT Corporation,0.02844037702345812
Coca-Cola Bottlers Japan Holdings Inc.,0.22920602135789572
Konami Group Corporation,0.1924928616292457
"Konica Minolta, Inc.",0.28351024507261224
Komatsu Ltd.,0.21763510002218306
COMSYS Holdings Corporation,0.39717754199864563
Komori Corporation,0.359724489812022
Sapporo Holdings Limited,0.2639717649314038
"Sankyo Co., Ltd.",0.20103570214783384
"Santen Pharmaceutical Co., Ltd.",0.2874630323308496
"Sundrug Co.,Ltd.",0.5918972379743174
"Shionogi & Co., Ltd.",0.7350874533816547
"Shikoku Electric Power Company, Incorporated",0.5408350713075852
Sysmex Corporation,0.47474317293589685
"Shizuoka Financial Group,Inc.",0.6925672403008499
"Shiseido Company, Limited",0.590905624175896
"The 77 Bank, Ltd.",0.612239140698302
"Citizen Watch Co., Ltd.",0.4379324064655031
Shimadzu Corporation,0.31669514847313596
Shimano Inc.,0.7600536740047419
"SHIMAMURA Co., Ltd.",0.4806202412294816
Shimizu Corporation,0.18976586032862064
Sharp Corporation,0.4511284399613331
"Mitsui O.S.K. Lines, Ltd.",0.20491747118224982
Resonac Holdings Corporation,0.5660089074400979
"Shin-Etsu Chemical Co., Ltd.",0.686532623669559
"Shinko Electric Industries Co., Ltd.",0.32868645842825683
Nippon Steel Corporation,0.44014877810876785
GS Yuasa Corporation,0.753298794587662
JSR Corporation,0.45474518752127846
"Aeon Co., Ltd.",0.546467906614305
"JAFCO Group Co., Ltd.",0.2657041243944124
Suzuki Motor Corporation,0.29843705088578837
"Suzuken Co., Ltd.",0.27302429821660373
"Stanley Electric Co., Ltd.",0.4285257593978531
"Sumitomo Osaka Cement Co., Ltd.",0.3145095680930409
"Sumitomo Chemical Company, Limited",0.2836798063666094
"Sumitomo Metal Mining Co., Ltd.",0.40428333261706334
"Sumitomo Rubber Industries, Ltd.",0.21571484234460758
Sumitomo Corporation,0.6278840404560795
"Sumitomo Heavy Industries, Ltd.",0.6586070691341678
"Sumitomo Electric Industries, Ltd.",0.3656493840115901
"Sumitomo Realty & Development Co., Ltd.",0.5307470713875616
Suruga Bank Ltd.,0.6765852608864503
"Seino Holdings Co., Ltd.",0.31229978391071184
Sega Sammy Holdings Inc.,0.383784933368814
"Sekisui Chemical Co., Ltd.",0.24879092846978798
"Sekisui House, Ltd.",0.2949153852481293
"SECOM CO., LTD.",0.4685029879111497
"Central Glass Co., Ltd.",0.43643286729578357
ANA Holdings Inc.,0.23069292254830853
Sony Group Corporation,0.5881739138559899
SoftBank Group Corp.,0.45723765128736044
Taisei Corporation,0.3959060368735509
Taiheiyo Cement Corporation,0.833226507121482
"Taiyo Yuden Co., Ltd.",0.23344349624564412
"Takashimaya Company, Limited",0.2331772912958849
Takara Holdings Inc.,0.4728358245784939
Takeda Pharmaceutical Company Limited,0.26036866580916135
"Daiichi Sankyo Company, Limited",0.57441784080788
"Daikin Industries,Ltd.",0.3599924869488377
Daicel Corporation,0.26745414568107917
"Daito Trust Construction Co.,Ltd.",0.2088998918025025
"Daido Steel Co., Ltd.",-0.014924943537849006
DIC Corporation,0.06238095914048232
"Dai Nippon Printing Co., Ltd.",0.634678052651922
"SCREEN Holdings Co., Ltd.",0.15344384279130296
"Sumitomo Pharma Co., Ltd.",0.6543190600206266
KDDI Corporation,0.6600986270888209
Mitsubishi HC Capital Inc.,0.3921649324190351
"Resona Holdings, Inc.",0.3034697152471609
Daiwa Securities Group Inc.,0.6050359825510236
"Daiwa House Industry Co., Ltd.",0.44880714183720044
"The Chiba Bank, Ltd.",0.5421027201320667
"Chugai Pharmaceutical Co., Ltd.",0.16354357005606893
"The Chugoku Electric Power Co., Inc.",0.7186198565933748
"Chubu Electric Power Company, Incorporated",0.024075030926086184
Chiyoda Corporation,0.29398675566678883
Tsumura & Co.,0.467082290392002
TDK Corporation,0.6828246048672192
"THK Co., Ltd.",0.15462111894492156
Teijin Limited,0.3113374069063532
Terumo Corporation,0.6054138889394116
Denka Company Limited,0.6360797504092432
DENSO Corporation,0.3864442033803757
"Tokai Carbon Co., Ltd.",0.10832210677949553
Central Japan Railway Company,0.2302152505667692
Tokyo Electron Limited,0.7891759249649363
"Tokyo Gas Co.,Ltd.",0.009059648891386132
Tokyu Corporation,0.06914399843359739
"Tokyo Steel Manufacturing Co., Ltd.",0.09610755963382293
"Tokyo Tatemono Co., Ltd.",0.4181839393797875
"Tokyo Electric Power Company Holdings, Incorporated",0.4020058470561442
"TBS Holdings,Inc.",0.39550317395108037
Toshiba Corporation,0.5361176779828624
Tosoh Corporation,0.3881226878088966
Toto Ltd.,0.4076943827781226
"Tobu Railway Co., Ltd.",0.3512135637699536
"Toho Co., Ltd.",0.4661623682093374
"Toho Zinc Co., Ltd.",0.39360409982739736
"Toho Gas Co., Ltd.",0.5596236902739959
"Tohoku Electric Power Company, Incorporated",0.4108789141366554
"Toyo Suisan Kaisha, Ltd.",0.46465710453891695
"Toyo Seikan Group Holdings, Ltd.",0.5997601145316499
"Toyobo Co., Ltd.",0.6180410060977504
"Toray Industries, Inc.",0.15061543687616197
Tokuyama Corporation,0.1445158800346548
LIXIL Corporation,0.6100913308238057
Toppan Inc.,0.4938461941247255
Toyota Motor Corporation,0.6213471579534642
"Toyoda Gosei Co., Ltd.",0.06383529703052503
Toyota Industries Corporation,0.18536735510070457
Toyota Tsusho Corporation,0.5217853004480121
Toyota Boshoku Corporation,0.5561299953290373
Trend Micro Incorporated,0.46593365455539537
"Dowa Holdings Co., Ltd.",0.7440366195999082
Nikon Corporation,0.3216979465853805
West Japan Railway Company,0.32407017370459323
Nichirei Corporation,0.4445800919559813
JGC Holdings Corporation,0.4674019215087484
Nissan Chemical Corporation,0.28098622618317887
"Nissan Motor Co., Ltd.",0.5956645538500369
"Nissin Foods Holdings Co.,Ltd.",0.6997286773296317
Nisshin Seifun Group Inc.,0.5497048961322937
Nisshinbo Holdings Inc.,0.2951061433444319
Nitto Denko Corporation,0.2250356782379273
"Nitto Boseki Co., Ltd.",0.5974020018394735
"Nippon Sheet Glass Company, Limited",0.5220723825421059
"Nippon Express Holdings,Inc.",0.5448663857509223
Oracle Corporation Japan,0.1939865104713548
"NGK Insulators, Ltd.",0.33536809012384755
Nippon Sanso Holdings Corporation,0.4836300388517707
Nissui Corporation,0.23686644909268667
NSK Ltd.,0.5730309401703865
"The Japan Steel Works, Ltd.",0.21675332190467733
"Nippon Soda Co., Ltd.",0.31282133373595133
Japan Tobacco Inc.,0.6350460357093162
"Nippon Television Holdings, Inc.",0.07723733874472105
NEC Corporation,0.5623631822335939
"Nippon Electric Glass Co., Ltd.",0.16047827124328412
Nidec Corporation,0.37949594547250715
Nippon Telegraph and Telephone Corporation,0.16604016500729207
"Niterra Co., Ltd.",0.3024746292540251
"NHK Spring Co., Ltd.",0.4301508727312852
NH Foods Ltd.,0.5239841768351058
Nippon Yusen Kabushiki Kaisha,0.17401779419384533
"Nitori Holdings Co., Ltd.",0.7154715178607877
"Nintendo Co., Ltd.",0.544957218795868
"Nomura Holdings, Inc.",0.49836256832474063
House Foods Group Inc.,0.2794726475000666
HASEKO Corporation,0.5834087891306985
"The Hachijuni Bank, Ltd.",0.16780939491594637
Hamamatsu Photonics K.K.,0.4089332191450352
"Hankyu Hanshin Holdings, Inc.",0.33063341112138434
BANDAI NAMCO Holdings Inc.,0.5022786096852975
"PARK24 Co., Ltd.",0.7964330814166549
"Hikari Tsushin, Inc.",0.3053868636601266
East Japan Railway Company,0.3702731851723199
"Hitachi Construction Machinery Co., Ltd.",0.6431478376298828
"Hitachi, Ltd.",0.27168301360762237
Hitachi Zosen Corporation,0.6497203131494841
"LOGISTEED, Ltd.",0.5643778399973779
"Hino Motors, Ltd.",0.6795089995155899
"Hirogin Holdings, Inc.",0.4901118149556179
"Hirose Electric Co.,Ltd.",0.28780136290654645
"Fast Retailing Co., Ltd.",0.5389574771891571
Fanuc Corporation,0.2186916261787723
Fujikura Ltd.,0.37213554498582035
FUJIFILM Holdings Corporation,0.35241159217444284
SUBARU CORPORATION,0.2631015925986744
Fujitsu Limited,0.06728320891938801
"Fuji Media Holdings, Inc.",0.09401378762521725
"Fuji Electric Co., Ltd.",0.4260241717510714
"Furukawa Co.,Ltd.",0.481431605149844
"Furukawa Electric Co., Ltd.",0.5123667660765355
"Brother Industries, Ltd.",0.7346138300156477
Bridgestone Corporation,0.13871272758789235
"Heiwa Real Estate Co., Ltd.",0.33348429926660506
"Benesse Holdings, Inc.",0.3584338705435841
HOYA Corporation,0.5742337281888729
Hokuetsu Corporation,0.41243631265029407
"Hokuhoku Financial Group, Inc.",0.4983119713898562
Hokuriku Electric Power Company,0.668109593406875
"Hokkaido Electric Power Company, Incorporated",0.4116255596898844
"Honda Motor Co., Ltd.",0.5023993860660642
Makita Corporation,0.7474465111880301
Panasonic Holdings Corporation,0.5077593844109578
Mazda Motor Corporation,0.47523085578904023
MatsukiyoCocokara & Co.,0.5403480002672086
"Mabuchi Motor Co., Ltd.",0.37172835744888527
"Marui Group Co., Ltd.",0.6376473673776226
Marubeni Corporation,0.5305031468890977
MISUMI Group Inc.,0.4638194953842205
"Mitsui Chemicals, Inc.",0.3936210755869653
"Mitsui Mining & Smelting Co., Ltd.",0.451368643235973
"MS&AD Insurance Group Holdings, Inc.",0.4657910646408373
"Sumitomo Mitsui Financial Group, Inc.",0.4593023643374108
"MITSUI E&S Co., Ltd.",0.526805144359908
"Sumitomo Mitsui Trust Holdings, Inc.",0.5542064295836423
"Mitsui Fudosan Co., Ltd.",0.5863610819225794
"Mitsui & Co., Ltd.",0.49292773378849725
Isetan Mitsukoshi Holdings Ltd.,0.6002142253307401
"Mitsubishi Gas Chemical Company, Inc.",0.1584842980516143
Mitsubishi Corporation,0.4582298001645677
"Mitsubishi Estate Co., Ltd.",0.05250252701695544
Mitsubishi Motors Corporation,0.5049801713776841
"Mitsubishi Heavy Industries, Ltd.",0.24581484665633319
Mitsubishi Paper Mills Limited,0.5410152063103513
Mitsubishi Logistics Corporation,0.20948221690322008
Mitsubishi Electric Corporation,0.5399940846805185
Mitsubishi Materials Corporation,0.5776709774693334
MINEBEA MITSUMI Inc.,0.328393301666211
"Murata Manufacturing Co., Ltd.",0.48332284221074356
Meidensha Corporation,0.11000333338303316
"Yakult Honsha Co.,Ltd.",0.5922678656468722
Z Holdings Corporation,0.42459941100932874
"Yamazaki Baking Co., Ltd.",0.1690506644898626
"Yamada Holdings Co., Ltd.",0.47584070217278085
"Yamato Holdings Co., Ltd.",0.1445239192647701
"Yamato Kogyo Co., Ltd.",0.5349029219427437
Astellas Pharma Inc.,0.652580473114263
Yamaha Corporation,0.9712081469668097
"Yamaha Motor Co., Ltd.",0.9032899742560385
"USS Co., Ltd.",0.6926863450562615
Unitika Ltd.,0.9646203128849841
Unicharm Corporation,0.9325063866166622
Yokogawa Electric Corporation,0.6697508468278157
"Ricoh Company, Ltd.",0.9456457513700705
Rinnai Corporation,0.8328464523652283
"ROHM Co., Ltd.",0.8985048536295501
Wacoal Holdings Corp.,1.1301169872369805
Yuhan Corporation,0.781425401723698
CJ Logistics Corporation,0.5534087163852197
Doosan Corporation,0.8148254399740814
"DL Holdings CO., LTD.",0.7085223767122613
"Hankook & Company Co., Ltd.",0.976470054556096
Kia Corporation,1.2282223161982675
SK hynix Inc.,0.8769744553324995
"Eusu Holdings Co., Ltd.",0.8617011471659521
"Hyundai Engineering & Construction Co., Ltd.",0.8576180416798916
"Samsung Fire & Marine Insurance Co., Ltd.",1.058937010348168
Hanwha Corporation,0.6986641203179558
CJ Corporation,0.35017224446453565
LX International Corp.,0.6244827978707885
"Dongkuk Holdings Co.,Ltd.",0.5637176526497962
"Taihan Cable & Solution Co., Ltd.",0.7281870660614039
SK Networks Company Limited,0.8080075142511072
ORION Holdings Corp.,0.8605313691294006
KCC Corporation,0.6923839525996964
Amorepacific Group,0.9643641739793977
"KUMHO Engineering & Construction Co., Ltd.",0.8638683812008952
"Yuanta Securities Korea Co., Ltd.",0.9020588799686331
"Hanjin Heavy Industries & Construction Holdings Co., Ltd.",0.8635597425437913
"Korean Air Lines Co., Ltd.",0.7414337542366007
LG Corp.,0.9763521903084025
Hyundai Steel Company,0.7912496447611478
Shinsegae Inc.,0.956110925340342
"Nongshim Co., Ltd.",1.0211301034858171
LOTTE Corporation,0.9009994955779608
"Lotte Chilsung Beverage Co., Ltd.",1.0211199914878857
Hyundai Motor Company,0.8261773870941147
POSCO Holdings Inc.,0.901563869689669
"DB Insurance Co., Ltd.",0.9960315843638372
Korea Line Corporation,0.6898460623364402
"Samsung Electronics Co., Ltd.",0.8458126210248362
"NH Investment & Securities Co., Ltd.",0.851383750227607
"SK Discovery Co., Ltd.",0.7629742032094902
LS Corp.,0.7917146749258368
GS Engineering & Construction Corporation,0.8371466624097558
"Samsung SDI Co., Ltd.",0.44159300051906564
Mirae Asset Securities Co. Ltd.,0.6074638412798423
"Samsung Electro-Mechanics Co., Ltd.",0.8681484011940683
"Korea Shipbuilding & Offshore Engineering Co., Ltd.",0.4757028279369079
Hanwha Solutions Corporation,0.8935442567671109
OCI Holdings Company Ltd.,0.875140627705016
"LS ELECTRIC Co., Ltd.",0.5096214312425786
"Korea Zinc Company, Ltd.",0.28799894237656
"Samsung Heavy Industries Co., Ltd.",0.5944489887146123
"Hyundai Mipo Dockyard Co., Ltd.",0.8489768388690498
S-Oil Corporation,0.7498997036723303
Lotte Chemical Corporation,0.606239988782889
HMM Company Limited,0.6073688796454294
STX Corporation,0.8030968521766944
"Hyundai Mobis Co.,Ltd",0.26915083494681386
"Hanwha Aerospace Co., Ltd.",0.32347663472118116
"HDC HOLDINGS CO.,Ltd",1.203742342169682
S-1 Corporation,1.0113023946265334
Korea Electric Power Corporation,0.6607315920679309
"Samsung Securities Co., Ltd.",1.050489043375914
"SK Telecom Co., Ltd.",0.5461712957089087
Industrial Bank of Korea,1.1728187358677011
"Samsung Engineering Co., Ltd.",0.33753086814373023
KT Corporation,0.3174780127514421
KT&G Corporation,0.27640137532513465
Korea Gas Corporation,0.5553513394122669
KB Financial Group Inc.,0.7129035473473464
ASMPT Limited,0.6408994865981967
China Resources Land Limited,0.44663387794408255
CK Hutchison Holdings Limited,0.8836246503024382
Kingboard Holdings Limited,0.9408200829173187
Tingyi (Cayman Islands) Holding Corp.,0.5503275346661293
John Keells Holdings PLC,0.573035005250992
Royal Caribbean Cruises Ltd.,0.8038849719489196
Millicom International Cellular S.A.,0.8410871222293596
RTL Group S.A.,0.6606692928511179
Subsea 7 S.A.,0.4464621670532255
SES S.A.,0.6677706085091674
ArcelorMittal S.A.,0.6980397810059217
SONASID S.A.,0.41469460885096704
Ciments du Maroc,0.5969039173553702
LafargeHolcim Maroc,0.5147376937252132
Teekay Corporation,0.48611009559782775
Golden Agri-Resources Ltd,0.4099738574932709
"Grupo Elektra, S.A.B. de C.V.",0.3324700839608547
Walmart de Mexico SAB de CV,0.3612074681017699
Alfa S.A.B. de C.V.,0.3682815906995003
"CEMEX, S.A.B. de C.V.",0.38317934709967955
Fomento Economico Mexicano S.A.B. de C.V.,0.4529726243484728
"Grupo Financiero Inbursa, S.A.B. de C.V.",0.3306974601586561
"Grupo Financiero Banorte, S.A.B. de C.V.",0.6056114019060257
Grupo Mexico SAB de CV,0.45690195594418775
"Grupo Carso, S.A.B. de C.V.",0.5659733609920982
"Grupo Bimbo, S.A.B. de C.V.",0.22891237956408503
"Grupo Televisa, S.A.B.",0.2990504176899758
Industrias Penoles,0.3376431202768126
Kimberly Clark de Mexico S.A.B. de C.V.,0.2665037139127726
Organizacion Soriana,0.3381018995042358
AMMB Holdings Berhad,0.4760538118753001
CIMB Group Holdings Berhad,0.3839744159205025
Hong Leong Financial Group Berhad,0.3322463899282578
Malayan Banking Berhad,0.16107056204602077
Public Bank Berhad,0.4749939299867428
Batu Kawan Berhad,0.25513246151925467
IOI Corporation Berhad,0.5477870947504682
Genting Plantations Berhad,0.3111347518634173
Kuala Lumpur Kepong Berhad,0.5224601360985865
Genting Berhad,0.7486131266248248
IJM Corporation Berhad,0.268920635841808
Berjaya Corporation Berhad,0.33533030014554627
Fraser & Neave Holdings Bhd,0.2328469474882241
MISC Berhad,0.3823029913808053
PPB Group Berhad,0.6262696482350434
British American Tobacco (Malaysia) Berhad,0.46916748506166006
Sime Darby Berhad,0.3040869791677843
Hengyuan Refining Company Berhad,0.4434530971688904
UMW Holdings Berhad,0.6682887159634313
YTL Corporation Berhad,0.7569389157848307
Nestle Malaysia Bhd,0.6587537080569191
Genting Malaysia Berhad,0.8387285347786998
Telekom Malaysia Berhad,0.5882448365064883
Malaysia Airports Holdings Berhad,0.8557074043939659
Tenaga Nasional Berhad,0.3769281359247057
Gamuda Berhad,0.6798859773501362
Parkson Holdings Berhad,0.5147088138777763
PETRONAS Dagangan Berhad,0.78291431693645
Hong Leong Bank Berhad,0.5264711549542113
PETRONAS Gas Berhad,0.4079344420279935
Celcomdigi Berhad,1.059645683460013
S P Setia Berhad,0.4229808767938859
Heineken Holding N.V.,0.6837221475890668
Koninklijke KPN N.V.,0.9261053812297035
Heineken N.V.,0.8601785533464222
Koninklijke Philips N.V.,0.6830707946352125
STMicroelectronics N.V.,0.6037382610008353
Wereldhave N.V.,0.9060927785644636
Koninklijke BAM Groep nv,0.975264950379342
SBM Offshore N.V.,0.7090523653026646
Randstad N.V.,0.8699842368075292
Wolters Kluwer N.V.,0.5458523680643727
Arcadis NV,0.9246853765921738
Koninklijke Vopak N.V.,1.3696076634608538
ASML Holding N.V.,0.5721748816434628
Corbion N.V.,0.5239313783477835
Koninklijke Ahold Delhaize N.V.,0.8209795615394173
ING Groep N.V.,0.47987691313017505
QIAGEN N.V.,0.6678318378603939
Akzo Nobel N.V.,0.6272474693616873
Stellantis N.V.,0.46406778589037373
Fugro N.V.,0.7716216754113053
MFE-MediaForEurope N.V.,0.4121676169154034
Ferrovial SE,0.612304812913866
Schibsted ASA,0.5565500487182332
Storebrand ASA,0.8483387693181889
Mowi ASA,0.40157869439575616
TGS ASA,0.6745587966530107
Orkla ASA,0.5638443074746966
Norsk Hydro ASA,0.6061062462752032
PGS ASA,0.429816815478476
Prosafe SE,0.3238201777140808
Tomra Systems ASA,0.7208391884158575
Auckland International Airport Limited,0.37799824789534164
Air New Zealand Limited,0.37856737345831937
Contact Energy Limited,0.7928910242588527
Fletcher Building Limited,0.5041860382018863
SKYCITY Entertainment Group Limited,0.47909525139565096
Spark New Zealand Limited,0.3579236358859227
Carnival Corporation & Plc,0.25169120174286386
Banco Continental,0.3699681728501325
Nexa Resources Peru S.A.A.,0.5377685342279039
Minsur S.A.,0.34492256013515954
Volcan Compania Minera S.A.A.,0.1790163863158001
"Aboitiz Equity Ventures, Inc.",0.3799570983583134
"Alliance Global Group, Inc.",0.7280012350776137
Ayala Corporation,0.9928095993137083
"Ayala Land, Inc.",0.8023636831184999
Bank of the Philippine Islands,0.614842441488035
"Globe Telecom, Inc.",1.13764235754539
"International Container Terminal Services, Inc.",0.9389410517176018
Jollibee Foods Corporation,0.843207091946251
Manila Electric Company,0.784412888425349
Megaworld Corporation,0.8475524387687422
Metropolitan Bank & Trust Company,0.5422312710710319
Petron Corporation,0.5310933937987282
PLDT Inc.,0.8338410217488551
San Miguel Corporation,0.43617562379002345
"SM Prime Holdings, Inc.",0.5199485812453541
Universal Robina Corporation,0.7345943764849824
Pakistan State Oil Company Limited,0.5209351010657618
Fauji Fertilizer Company Limited,0.4959664363750847
Jahangir Siddiqui & Co. Ltd.,0.7003405804382223
Bank Handlowy w Warszawie S.A.,0.9763307886096839
Bank Millennium S.A.,0.6320449123170806
ING Bank Slaski S.A.,0.5386396469997896
Budimex SA,0.7005079588059473
KGHM Polska Miedz S.A.,0.619481663224116
Polimex-Mostostal S.A.,0.7889054244640357
Bank Polska Kasa Opieki S.A.,0.5264309182144074
Orlen S.A.,0.7361735770934772
Stalprodukt S.A.,1.1091358859633973
Orange Polska S.A.,0.779442494774028
"Popular, Inc.",0.513742513728231
Banco Comercial Portugues Reg,0.47942318275170204
"EDP - Energias de Portugal, S.A.",0.9068958145219632
Jeronimo Martins & Filito SGPS,0.7574163511811308
"Sonae, SGPS, S.A.",0.5600408021245388
"NOS, S.G.P.S., S.A.",0.8105739449478311
Public Joint Stock Company Rostelecom,0.5783344866762492
PJSC LUKOIL,0.7515307614080607
Sberbank of Russia,0.8252625277730526
Public Joint Stock Company Gazprom Neft,0.7663674638213517
H & M Hennes & Mauritz AB (publ),0.5550985753832731
AB SKF (publ),0.35610248501653186
Telefonaktiebolaget LM Ericsson (publ),0.5853397313172695
Ratos AB (publ),0.5766205336234791
Svenska Cellulosa Aktiebolaget SCA (publ),0.5211661085953361
Skanska AB (publ),0.6705964967083974
Trelleborg AB (publ),0.9083697628262006
Skandinaviska Enskilda Banken AB (publ),0.6523373179718045
Securitas AB (publ),0.2817178576526088
Elekta AB (publ),0.8590188179383373
SSAB AB (publ),0.60797403499972
Industrivarden AB,0.7353576891947149
Getinge AB (publ),0.7236079389933826
Swedbank AB (publ),0.9488663579252185
Castellum AB (publ),1.0199322739382213
Sandvik AB (publ),0.6274206140394883
JM AB (publ),0.6273774675875984
SAS AB (publ),0.3607968967502369
Tele2 AB (publ),0.7813870397506719
Axfood AB (publ),0.6379782727227216
ASSA ABLOY AB (publ),0.5685339282589073
Svenska Handelsbanken AB (publ),0.6003479684642729
Holmen AB (publ),0.7693851413959975
Fabege AB (publ),0.5518247015197311
Kinnevik AB,1.0569305970800558
Investor AB (publ),0.619383346482892
Swedish Match AB (publ),0.5786188240444189
Hexagon AB (publ),0.4173996498586966
NIBE Industrier AB (publ),0.6674254253867106
AB Electrolux (publ),0.5397444079215429
Atlas Copco AB,0.3760966679301081
Modern Times Group MTG AB (publ),0.9146293415191599
Boliden AB (publ),0.7240071764032382
Venture Corporation Limited,0.5932927595344827
Jardine Cycle & Carriage Limited,0.6234558768081957
Singapore Technologies Engineering Ltd,0.6317646132011148
Seatrium Limited,0.5769633287058178
DBS Group Holdings Ltd,0.7097581744636309
United Overseas Bank Limited,0.7502965361590249
Sembcorp Industries Ltd,0.668829236201829
City Developments Limited,0.4644869692408105
Oversea-Chinese Banking Corporation Limited,0.7022666063142736
"COSCO Shipping International (Singapore) Co., Ltd.",0.7265781122024602
UOL Group Limited,0.8469642427209653
"Fraser and Neave, Limited",0.702649735991492
Singapore Telecommunications Limited,1.1235404565133802
Keppel Corporation Limited,0.43974050756040245
Singapore Airlines Limited,0.25023968257793816
OUE Limited,0.6978600291758869
Flex Ltd.,0.7061831198377944
Genting Singapore Limited,0.24431228927179544
Bangkok Bank Public Company Limited,0.4378982886864089
The Siam Cement Public Company Limited,0.9225566285354095
Kasikornbank Public Company Limited,0.6092516390821233
Siam City Cement Public Company Limited,0.5420366385280554
Bank of Ayudhya Public Company Limited,0.8339139935370407
TMBThanachart Bank Public Company Limited,0.8856727689370242
Thanachart Capital Public Company Limited,0.9479076936248283
Charoen Pokphand Foods Public Company Limited,0.9052074043589138
Minor International Public Company Limited,0.9772021311229562
Land and Houses Public Company Limited,0.9159176649671693
Banpu Public Company Limited,0.9051868648110285
Krung Thai Bank Public Company Limited,0.7990128322731174
Bumrungrad Hospital Public Company Limited,0.9237894921898125
Bangkok Dusit Medical Services Public Company Limited,0.8291370847816554
Advanced Info Service Public Company Limited,0.8504619335882171
Hana Microelectronics Public Company Limited,0.7368778044727177
PTT Exploration and Production Public Company Limited,0.9274323321515632
Thai Union Group Public Company Limited,0.5152801323934422
Electricity Generating Public Company Limited,0.3403783786823317
IRPC Public Company Limited,0.40796895464509236
Central Pattana Public Company Limited,0.5350109415549071
BEC World Public Company Limited,0.4874770687410005
Akbank T.A.S.,0.5805812766921402
Arcelik Co,0.7278370842673596
Dogan Sirketler Grubu Holding A.S.,0.4057044261281927
Eregli Demir Celik,0.33512090831828634
Turkiye Garanti Bankasi A.S.,0.481124566901771
Turkiye Is Bankasi A,0.6740279436042411
Koc Holding,0.5369653494586384
Ford Otomotiv Sanayi A.S.,0.540483491076084
HACI OMER SABANCI HOLDING,0.43747886034388916
Turkiye Sise Cam Fabrik,0.6184117542945166
Turkiye Hava Yollari A O,0.5254058693641032
Tupras-Turkiye Petrol Rafine,0.48359019948664506
Yapi ve Kredi Bankasi A.S.,0.5179438574212474
Asia Cement Corporation,0.7150794549032512
Uni-President Enterprises Corp.,0.5536313642001827
Formosa Plastics Corporation,0.5118786186192722
Nan Ya Plastics Corporation,0.5962573678817951
Formosa Chemicals & Fibre Corporation,0.6160466917862455
Far Eastern New Century Corporation,0.4390737193973825
Shinkong Synthetic Fibers Corporation,0.5368713531567477
"Formosa Taffeta Co., Ltd.",0.4804454693473844
Shihlin Electric & Engineering Corp.,0.4960581558222917
"TECO Electric & Machinery Co., Ltd.",0.4728539960532119
Walsin Lihwa Corporation,0.6570674095005967
"Eternal Materials Co., Ltd.",0.5629336398191095
"Taiwan Fertilizer Co., Ltd.",0.6107180920851121
China Steel Chemical Corporation,0.6125027418136316
Taiwan Glass Ind. Corp.,0.452507908268121
YFY Inc.,0.7283240210574756
China Steel Corporation,0.7160723884805998
Tung Ho Steel Enterprise Corporation,0.5600889574266895
Chung Hung Steel Corporation,0.6083455814798767
"Feng Hsin Steel Co., Ltd.",0.6572479069426492
"Yieh Phui Enterprise Co., Ltd.",0.8484539115935401
"Nankang Rubber Tire Corp.,Ltd.",0.4929494502770308
TSRC Corporation,0.6570978882734211
"Cheng Shin Rubber Ind. Co., Ltd.",0.746227853110339
Yulon Motor Company Ltd.,0.5762583958226327
China Motor Corporation,0.5870750822386861
"Hotai Motor Co.,Ltd.",0.5068353016838705
Lite-On Technology Corporation,0.47381390846330934
United Microelectronics Corporation,0.5005966687175176
"Delta Electronics, Inc.",0.6362129909342733
"Hon Hai Precision Industry Co., Ltd.",0.5179793418129987
CMC Magnetics Corporation,0.5580970998957249
"Compal Electronics, Inc.",0.40269531528337443
Yageo Corporation,0.4664638531020315
Pan-International Industrial Corp.,0.7141927672679103
Taiwan Semiconductor Manufacturing Company Limited,0.5993318094690762
D-Link Corporation,0.6148501993422325
"Macronix International Co., Ltd.",0.4614330366906987
Winbond Electronics Corporation,0.619211569027078
Synnex Technology International Corporation,0.528684430572769
RITEK Corporation,0.6782295277551914
Qisda Corporation,0.5959542658519602
Acer Incorporated,0.5648479557089915
"Foxconn Technology Co., Ltd.",0.5796908281905406
Inventec Corporation,0.7198965153715914
ASUSTeK Computer Inc.,0.4113525538018015
Clevo Co.,0.6270649085549201
"Tatung Co., Ltd.",0.5543403126165065
"Micro-Star International Co., Ltd.",0.5080816512577397
Realtek Semiconductor Corp.,0.48605375861687455
Quanta Computer Inc.,0.5323018816811239
"Chicony Electronics Co., Ltd.",0.5312581387042934
"VIA Technologies, Inc.",0.4427686642901292
"Cheng Uei Precision Industry Co., Ltd.",0.5461651447865236
"Everlight Electronics Co., Ltd.",0.5688477803086913
"Advantech Co., Ltd.",0.5907328423909327
"Catcher Technology Co., Ltd.",0.43136910625533004
"Cathay Real Estate Development Co.,Ltd.",0.5973184689908955
Evergreen Marine Corporation (Taiwan) Ltd.,0.5323972784143801
Sincere Navigation Corporation,0.6608504640886145
U-Ming Marine Transport Corporation,0.6805976156813491
Evergreen International Storage & Transport Corporation,0.6208908607923906
Yang Ming Marine Transport Corporation,0.4959615022834509
"China Airlines, Ltd.",0.6435831963768625
Wan Hai Lines Ltd.,0.2894179072137913
"Taiwan Navigation Co., Ltd.",0.7061179419848104
EVA Airways Corp.,0.8258943696845769
Formosa International Hotels Corporation,0.7377913621372454
"Chang Hwa Commercial Bank, Ltd.",0.6984565840036004
"Taiwan Business Bank, Ltd.",0.6669082590499812
"Hua Nan Financial Holdings Co., Ltd.",0.4484207923251189
"Fubon Financial Holding Co., Ltd.",0.5094572889191523
"Cathay Financial Holding Co., Ltd.",0.2596634273090977
China Development Financial Holding Corporation,0.3864267381894214
"E.SUN Financial Holding Company, Ltd.",0.5817696010409472
"Yuanta Financial Holding Co., Ltd.",0.7197025978967907
"Mega Financial Holding Co., Ltd.",0.7380952647141097
"Taishin Financial Holding Co., Ltd.",0.253341928151165
"Shin Kong Financial Holding Co., Ltd.",0.1867780048375908
"CTBC Financial Holding Co., Ltd.",0.7937159010200319
"First Financial Holding Co., Ltd.",0.4085888899419749
"Far Eastern Department Stores, Ltd.",0.5826073818681617
President Chain Store Corporation,0.3462241749021659
Faraday Technology Corporation,1.0080720147189437
Unimicron Technology Corp.,0.87988664468963
Vanguard International Semiconductor Corporation,0.6753187511206823
Coretronic Corporation,0.44867351423867535
"Farglory Land Development Co., Ltd.",0.7079264489261113
Pou Chen Corporation,0.7006403284568706
Ton Yi Industrial Corp.,0.46425526021008234
"Taiwan Secom Co., Ltd.",1.0438584341301447
"Giant Manufacturing Co., Ltd.",0.22163716699417008
Aflac Incorporated,0.4552382138097479
AGCO Corporation,0.2669022156531298
The AES Corporation,0.5978072348870309
AT&T Inc.,0.19298573855044854
Abbott Laboratories,0.22171130386471338
Abercrombie & Fitch Co.,0.6525981074089042
"Activision Blizzard, Inc.",0.674484078732068
Adobe Inc.,0.45640202674983854
Adtalem Global Education Inc.,0.9859659535203829
"Advanced Micro Devices, Inc.",0.4575272076199049
"Affiliated Managers Group, Inc.",0.5573213768165823
"Agilent Technologies, Inc.",0.24576203184404383
"Air Products and Chemicals, Inc.",0.46774328178955965
"Akamai Technologies, Inc.",0.269018982959036
Albemarle Corporation,0.6131152815190302
"Alexandria Real Estate Equities, Inc.",0.6067517354327606
ATI Inc.,1.047559869518847
Alliant Energy Corporation,0.6226114435930054
The Allstate Corporation,0.608647442717412
"Altria Group, Inc.",0.6072382816202213
"Amazon.com, Inc.",0.7271315128379372
Ameren Corporation,0.35940418990791534
"American Electric Power Company, Inc.",0.33406794641851983
"American Eagle Outfitters, Inc.",0.7275068487286811
American Express Company,0.8357565344427004
"American Financial Group, Inc.",0.3676435112294827
"American International Group, Inc.",0.18374514478144002
American Tower Corporation,0.7892421084336833
"America's Car-Mart, Inc.",0.7978407576192491
AmerisourceBergen Corporation,0.3276943782438742
"AMETEK, Inc.",0.558079708418791
Amgen Inc.,0.20958519812240245
Amphenol Corporation,0.43877663585387117
"Analog Devices, Inc.",0.5160990594169159
APA Corporation,1.5013260992252948
Apartment Investment and Management Company,0.7373475208780067
"Apogee Enterprises, Inc.",0.4041117282251432
Apple Inc.,0.43913509951123986
"Applied Materials, Inc.",0.2712436535741063
"AptarGroup, Inc.",0.7186972652293078
Archer-Daniels-Midland Company,0.4225258554795363
"Arrow Electronics, Inc.",0.47980521336694215
Ashland Inc.,0.6640130664495324
Associated Banc-Corp,0.2972629332754514
Atmos Energy Corporation,0.2780066968196665
"Autodesk, Inc.",0.5543933742930347
"Autoliv, Inc.",0.19695540565021843
"Automatic Data Processing, Inc.",0.27945629411662143
"AutoNation, Inc.",0.7126361552255747
"AutoZone, Inc.",0.5870375485307261
"AvalonBay Communities, Inc.",0.4173490555007767
Avery Dennison Corporation,0.2619406489483547
"Avis Budget Group, Inc.",0.3677427366097387
"Avnet, Inc.",0.5142157439876048
BOK Financial Corporation,0.23931974048469865
"Badger Meter, Inc.",0.6334440656452835
Ball Corporation,0.8604689429751672
Bank of America Corporation,0.7357393055218042
Bank of Hawaii Corporation,0.5037488452445659
The Bank of New York Mellon Corporation,0.432770985969111
"Bath & Body Works, Inc.",1.0302985016756545
Baxter International Inc.,0.7907005633717151
"Becton, Dickinson and Company",0.7145154573548353
Bed Bath & Beyond Inc.,0.6425948769530028
W. R. Berkley Corporation,0.22497140052149117
Berkshire Hathaway Inc.,0.23909240984580094
"Best Buy Co., Inc.",0.3002413843973843
"Big Lots, Inc.",0.2553596281870515
BioMarin Pharmaceutical Inc.,0.4927687622719172
Biogen Inc.,0.31528188363093335
Bio-Techne Corporation,0.5872957456842012
"BlackRock, Inc.",0.5187464584847775
"H&R Block, Inc.",0.7687331784758968
The Boeing Company,0.3311654699895318
Booking Holdings Inc.,0.6770943200833609
BorgWarner Inc.,0.4013549515820274
"Boston Properties, Inc.",0.6486068958721425
Boston Scientific Corporation,0.40367534005721445
Boyd Gaming Corporation,0.15228693241715457
Brandywine Realty Trust,0.45096178759284994
"Brinker International, Inc.",0.1578335024357092
The Brink's Company,0.763945991976962
Bristol-Myers Squibb Company,0.19798432235639213
"Brown & Brown, Inc.",0.33833790783043577
Brown-Forman Corporation,0.4654865363577881
"C.H. Robinson Worldwide, Inc.",0.7323646168780997
The Cigna Group,0.7046860235597767
CMS Energy Corporation,0.37620405034708637
CNA Financial Corporation,0.46966450830308387
CSX Corporation,0.8459095753388862
CNX Resources Corporation,0.4304938357548485
CVS Health Corporation,0.15696076232178538
Cabot Corporation,0.8178269709288591
Coterra Energy Inc.,0.27210166920090734
"Cadence Design Systems, Inc.",0.5881192099433541
Cadence Bank,0.45017342354569545
California Water Service Group,0.8677599159671077
Camden Property Trust,1.1124567819071471
Campbell Soup Company,0.09463459807615647
Capital One Financial Corporation,0.2532628605761528
"Capitol Federal Financial, Inc.",0.5129933725206783
"Cardinal Health, Inc.",0.6007068743144521
Carlisle Companies Incorporated,0.20344958660161458
"CarMax, Inc.",0.4267277353897413
Caterpillar Inc.,0.5207040173094862
"CenterPoint Energy, Inc.",0.2577369675031871
Chevron Corporation,0.7048082975238966
"Chico's FAS, Inc.",0.5076416037543773
"Choice Hotels International, Inc.",0.24797554076956646
"Church & Dwight Co., Inc.",0.5984273874578339
Ciena Corporation,0.07991546572985365
Cincinnati Financial Corporation,0.425133592976437
"Cisco Systems, Inc.",0.3931009976208971
Cintas Corporation,0.40389228174867076
Citigroup Inc.,0.4970005092645678
Cleveland-Cliffs Inc.,0.7307409798692626
The Clorox Company,0.26224500197914247
The Coca-Cola Company,0.4336175769363654
"Coca-Cola FEMSA, S.A.B. de C.V.",0.5685151391195191
Cognizant Technology Solutions Corporation,0.6413735089431389
Colgate-Palmolive Company,0.4022323974150573
Comcast Corporation,0.7268418611417504
Comerica Incorporated,0.6213060190528994
"Commerce Bancshares, Inc.",0.22346119518837546
Commercial Metals Company,0.7409000033804
Compania de Minas Buenaventura S.A.A.,0.3842806110737665
"Conagra Brands, Inc.",0.4584007931975224
ConocoPhillips,0.34793793001105555
"Consolidated Edison, Inc.",0.5697175103535735
"Constellation Brands, Inc.",0.4100998019795222
"The Cooper Companies, Inc.",0.8686999942723355
"Copart, Inc.",0.7852915640335265
"CoreCivic, Inc.",0.5533427274759324
Corning Incorporated,0.6793511733964686
Costco Wholesale Corporation,0.5781677943221026
"Cracker Barrel Old Country Store, Inc.",0.31093671278217394
Crown Castle Inc.,0.1939313034074029
"Crown Holdings, Inc.",0.46680604159649225
"Cullen/Frost Bankers, Inc.",0.6138216916097506
Cummins Inc.,0.36128540786183055
"D.R. Horton, Inc.",0.7620427718363224
DTE Energy Company,0.19770213166471007
DXC Technology Company,0.660631857800579
Danaher Corporation,0.4437908359492416
"Darden Restaurants, Inc.",0.5798969702934501
DaVita Inc.,0.7522161426608324
Deere & Company,0.698894516143736
Dentsply Sirona Inc.,0.35068907732605026
Devon Energy Corporation,0.25986926584428977
"Diebold Nixdorf, Incorporated",0.47913339018852524
The Walt Disney Company,0.5820076931933851
DISH Network Corporation,0.23253506320557046
Diversified Healthcare Trust,0.5014596653262218
"Dollar Tree, Inc.",0.4268102643534985
"Dominion Energy, Inc.",0.39049216383882096
"Donaldson Company, Inc.",0.2064039549801021
Dover Corporation,0.14390000967717587
DRDGOLD Limited,0.3447967142746313
"Dril-Quip, Inc.",0.2753325569587376
Duke Energy Corporation,0.2244487030601731
"EOG Resources, Inc.",0.2483498047185398
EQT Corporation,0.35957502636648836
Eagle Materials Inc.,0.3666805079238357
Eastman Chemical Company,0.5340062170611888
eBay Inc.,0.10360261033055335
Ecolab Inc.,0.4115518804346239
Edison International,0.4227023497663033
Electronic Arts Inc.,0.4316819999395563
Emerson Electric Co.,0.42085655450286463
Entergy Corporation,0.5023684439979826
Equifax Inc.,0.7780242412449527
Equity Commonwealth,0.6883644831894099
Equity Residential,0.3889990761345629
Erie Indemnity Company,0.3680871177535246
"Essential Utilities, Inc.",0.4402443466314834
"Essex Property Trust, Inc.",0.16946290334890227
"Evergy, Inc.",0.8656542319327903
Eversource Energy,0.46371700443765695
Exelon Corporation,0.8654693759589546
"Expeditors International of Washington, Inc.",0.6656239511162347
Exxon Mobil Corporation,1.0740187273181239
FMC Corporation,1.3857967321738733
"FTI Consulting, Inc.",0.2922575665763571
FactSet Research Systems Inc.,0.5752854749485066
Fastenal Company,0.300046264294054
Federal Realty Investment Trust,0.6861661651270157
"Federated Hermes, Inc.",0.44557965917114795
FedEx Corporation,0.08199386354658687
"F5, Inc.",0.5711758335427359
Fifth Third Bancorp,0.3350287930052899
"First Citizens BancShares, Inc.",0.2716874102950534
First Horizon Corporation,0.5071682752906852
"Fiserv, Inc.",0.7082912804892522
FirstEnergy Corp.,1.0545654833080547
Flowserve Corporation,0.5016863744740411
"Foot Locker, Inc.",0.41870142082909784
Ford Motor Company,0.4371203551633077
"Franklin Resources, Inc.",0.5850876343808363
Freeport-McMoRan Inc.,0.5545037579796426
"FuelCell Energy, Inc.",0.9467324639430684
Fulton Financial Corporation,0.43412363324213415
GATX Corporation,0.7250103097861391
Arthur J. Gallagher & Co.,0.9544585305779906
"The Gap, Inc.",0.9615174647583264
General Dynamics Corporation,0.42041691303696016
"General Mills, Inc.",0.17790328380845455
Gentex Corporation,0.40973551383914597
Genuine Parts Company,1.3576178573550917
"Gilead Sciences, Inc.",0.7880142376652521
Globe Life Inc.,0.06771825225408519
"The Goldman Sachs Group, Inc.",0.6993531749306001
The Goodyear Tire & Rubber Company,0.6954456931129083
Graco Inc.,0.3791373816585153
Graham Holdings Company,0.5818332821774718
"W.W. Grainger, Inc.",0.15831057331249015
"Greif, Inc.",0.8304911214937748
HP Inc.,0.4779771830753084
Halliburton Company,0.38387926733440314
"The Hanover Insurance Group, Inc.",0.49352839093472295
"Harley-Davidson, Inc.",0.5726600028328982
Enviri Corporation,0.5520520725786222
"The Hartford Financial Services Group, Inc.",0.5128683003519674
"Hasbro, Inc.",0.3844669361759593
"Hawaiian Electric Industries, Inc.",0.4749932324688312
"Healthpeak Properties, Inc.",0.508950363406038
"Helix Energy Solutions Group, Inc.",0.4358308679204638
"Helmerich & Payne, Inc.",0.44081270394708555
The Hershey Company,0.7416675003032446
Hess Corporation,0.7158980153212879
"Hologic, Inc.",0.41794719501585353
"The Home Depot, Inc.",0.38265851251846666
Honeywell International Inc.,0.6610421100396023
Hormel Foods Corporation,0.6126123151633792
"Host Hotels & Resorts, Inc.",0.8235174064948194
Hubbell Incorporated,0.5236269437916241
Humana Inc.,0.20548642572184983
"J.B. Hunt Transport Services, Inc.",0.7508764371985153
Huntington Bancshares Incorporated,0.7525881605395509
ITT Inc.,0.7987221409260342
IDEX Corporation,0.7659718199689749
"IDEXX Laboratories, Inc.",0.17423476339834998
Illinois Tool Works Inc.,0.7751497922989314
Intel Corporation,0.3996748077961085
International Business Machines Corporation,0.1479183270611054
International Flavors & Fragrances Inc.,0.6699247913860668
International Paper Company,0.5578819500288215
"The Interpublic Group of Companies, Inc.",0.5678834315340431
Intuit Inc.,0.21164694478210358
Iron Mountain Incorporated,0.3211097028989737
"Itron, Inc.",0.8109711046382306
JPMorgan Chase & Co.,0.8827283618950116
Jabil Inc.,0.3560468057851579
Jacobs Solutions Inc.,0.466904826964065
Johnson & Johnson,0.5279939799393768
Jones Lang LaSalle Incorporated,0.6816710701777909
"Juniper Networks, Inc.",0.4805499967583339
KLA Corporation,0.19846635313147282
KB Home,0.5881209389363226
Kellogg Company,1.020067377598439
Kennametal Inc.,0.458571173474682
KeyCorp,0.7059799346892832
Kimberly-Clark Corporation,0.26906641972481454
Kimco Realty Corporation,0.48923925560715364
Kirby Corporation,0.43536337859635316
Kohl's Corporation,0.38726673078544016
The Kroger Co.,0.35054900081738966
Laboratory Corporation of America Holdings,0.5743160052426562
Lam Research Corporation,0.4330905223809325
Lamar Advertising Company,1.3004944128188036
"Landstar System, Inc.",0.5380856418100293
Estee Lauder Cos.,0.9761402622543229
"Leggett & Platt, Incorporated",0.5609386098408724
Lennar Corporation,0.7985363794002183
Lennox International Inc.,1.1472285589801305
Eli Lilly and Company,0.8177505222349625
"Lincoln Electric Holdings, Inc.",0.910319629410578
Lincoln National Corporation,0.26471410722901006
Lindsay Corporation,0.3402521030205759
"Littelfuse, Inc.",0.6985474726574209
Lockheed Martin Corporation,0.47223658464967144
Loews Corporation,0.7099667334789214
"Lowe's Companies, Inc.",0.4389736224064892
"Lumen Technologies, Inc.",0.1965155478312528
M&T Bank Corporation,0.29901485577787745
"M.D.C. Holdings, Inc.",0.3607982706577526
"MDU Resources Group, Inc.",0.5915815140511724
MGM Resorts International,0.21318619222753332
"MSC Industrial Direct Co., Inc.",0.2806329976338051
The Macerich Company,0.5302475449773564
"Veris Residential, Inc.",0.42521373075575114
"Macy's, Inc.",0.5946079382339075
"The Manitowoc Company, Inc.",0.6860623213195063
ManpowerGroup Inc.,0.6062262150274357
Marathon Oil Corporation,0.7732596500688125
Markel Group Inc.,0.44131601161924044
"Marsh & McLennan Companies, Inc.",0.31319692033262136
"Marriott International, Inc.",0.4968249761192742
"Martin Marietta Materials, Inc.",0.7435327105011188
Masco Corporation,0.745217856410844
"Mattel, Inc.",0.5369269041095032
"McCormick & Company, Incorporated",0.8613472892365635
McDonald's Corporation,0.8076621871548211
McKesson Corporation,0.4430296529794527
"Pediatrix Medical Group, Inc.",0.8334059080143484
"Merck & Co., Inc.",0.3774090791663512
Mercury General Corporation,0.5368681129499663
Mettler-Toledo International Inc.,0.8243825517225036
Microsoft Corporation,0.3351185128404371
Microchip Technology Incorporated,0.5515225965696752
"Micron Technology, Inc.",0.5921097283073401
"MillerKnoll, Inc.",0.28237854104128024
"Mohawk Industries, Inc.",0.20622967002081213
Molson Coors Beverage Company,0.38678190233878507
Monster Beverage Corporation,0.26737387070523233
Moody's Corporation,0.8842791248329629
Morgan Stanley,0.49440521107341073
The Mosaic Company,0.468069022928525
"Motorola Solutions, Inc.",0.2889122144011146
Murphy Oil Corporation,0.4545446952638413
NCR Corporation,0.6900190248228598
"NVR, Inc.",0.7918542918519689
NOV Inc.,0.33289227810197614
National Fuel Gas Company,1.0283830471504074
National Instruments Corporation,0.2757310233291427
"NetApp, Inc.",0.7290544193080264
"New York Community Bancorp, Inc.",1.0006696528283896
The New York Times Company,0.3912148429878522
Newell Brands Inc.,0.528823242324626
Newmont Corporation,0.6027428650287748
"NextEra Energy, Inc.",0.44238075507994984
"NIKE, Inc.",0.9027702114122855
NiSource Inc.,0.28133199276592996
"Nordstrom, Inc.",0.5009783410323561
Norfolk Southern Corporation,0.5527100317577761
Northern Trust Corporation,0.28810445277266855
Northrop Grumman Corporation,0.8485865046349734
Gen Digital Inc.,0.559206010317684
Nucor Corporation,0.667798239890602
NVIDIA Corporation,0.5471921287057442
OGE Energy Corp.,0.368313320471223
"O-I Glass, Inc.",1.0026922873298447
"O'Reilly Automotive, Inc.",0.35405678754547126
Occidental Petroleum Corporation,0.7890422043862368
"Oceaneering International, Inc.",0.8295044047449501
Old Republic International Corporation,0.20201690539708833
Omnicom Group Inc.,0.49036856194303263
"ONEOK, Inc.",0.5387538030427345
Oracle Corporation,0.27382754568705264
Oshkosh Corporation,0.2236609366877903
PG&E Corporation,0.7880604351468207
"The PNC Financial Services Group, Inc.",0.6781070681223114
"PPG Industries, Inc.",0.7496930221942096
PPL Corporation,0.5611066298356223
PVH Corp.,0.6775626882141035
PACCAR Inc,0.15482751820120488
Parker-Hannifin Corporation,0.281865657265083
Partner Communications Company Ltd.,0.5930293091326118
"Patterson Companies, Inc.",0.26281894923965116
"Patterson-UTI Energy, Inc.",0.24360825618503795
"Paychex, Inc.",0.5879257610032945
"PENN Entertainment, Inc.",0.46657908985557295
"Penske Automotive Group, Inc.",0.6987923576045468
"PepsiCo, Inc.",0.3381221683266975
Perdoceo Education Corporation,0.5117623030511262
"Revvity, Inc.",0.7546910027502244
Pfizer Inc.,0.6576679092191036
Pinnacle West Capital Corporation,0.7124800747194583
Pioneer Natural Resources Company,0.5234756979644153
Pitney Bowes Inc.,0.530666360955901
Polaris Inc.,0.5400167627266677
"Power Integrations, Inc.",0.38360661883535296
"T. Rowe Price Group, Inc.",0.5125967973580746
The Procter & Gamble Company,0.4539601467684232
The Progressive Corporation,0.6553128818646425
"Prologis, Inc.",0.3163518712870654
Public Service Enterprise Group Incorporated,0.27903280729280555
Public Storage,0.831722250274489
"PulteGroup, Inc.",0.5774244250536323
QUALCOMM Incorporated,0.6772125293618316
"Quanta Services, Inc.",0.4316294157529497
Quest Diagnostics Incorporated,0.4210268082828681
RPM International Inc.,0.35463648090281674
Rambus Inc.,0.6978466557862757
Ralph Lauren Corporation,0.4372498733405625
Range Resources Corporation,0.552017529531945
"Raymond James Financial, Inc.",0.5314583483028434
RTX Corporation,0.8313146176379775
Regency Centers Corporation,0.5051135323883927
"Regeneron Pharmaceuticals, Inc.",1.4227188389540353
Regions Financial Corporation,0.6932944248862569
"Reinsurance Group of America, Incorporated",0.5219607598811113
Reliance Steel & Aluminum Co.,0.30474662225021953
"Republic Services, Inc.",0.611944293593014
ResMed Inc.,0.9784334374123729
Rite Aid Corporation,0.4449354594679614
Robert Half Inc.,0.6503868959557315
"Rockwell Automation, Inc.",0.26578183369014274
"Roper Technologies, Inc.",0.5083672818838042
"Ross Stores, Inc.",0.797850381053715
"Royal Gold, Inc.",0.3531698187430839
"Ryder System, Inc.",0.5959874378677831
S&P Global Inc.,0.9835569303494855
SBA Communications Corporation,0.19629880406523156
SEI Investments Company,0.6204307751576382
SL Green Realty Corp.,0.5558417510463234
SLM Corporation,0.4083717188193442
SM Energy Company,0.11546712299177823
"SPX Technologies, Inc.",0.7359341644866428
The St. Joe Company,0.456460406792877
"Henry Schein, Inc.",0.5588225039504465
The Charles Schwab Corporation,0.6129045063509004
"Light & Wonder, Inc.",0.43273326096462744
The Scotts Miracle-Gro Company,0.6533366679618643
Sealed Air Corporation,0.8280225436395395
Sempra,0.2552241459994965
Service Corporation International,0.25752229027956103
Service Properties Trust,0.3734540999202388
The Sherwin-Williams Company,0.47589457224447873
"Simon Property Group, Inc.",0.5612323463983311
Sirius XM Holdings Inc.,0.36642520702757203
The J. M. Smucker Company,0.29718207799402463
Snap-on Incorporated,0.401816104086581
SOQUIMICH - Sociedad Quimica y Minera de Chile SA,0.49036578059543645
Sonoco Products Company,0.4500162109427528
The Southern Company,0.8788393088585876
Southern Copper Corporation,0.8673490752417679
Southwest Airlines Co.,1.1458869988742668
Southwestern Energy Company,0.2695355233314871
"Stanley Black & Decker, Inc.",0.5501474494810625
Starbucks Corporation,0.9089277860753192
State Street Corporation,1.2194520758107852
"Steel Dynamics, Inc.",0.4296149914304921
"Stericycle, Inc.",0.8207912275693631
"Strategic Education, Inc.",0.3860338771162972
Stryker Corporation,0.7692801527693868
"Synopsys, Inc.",0.82525706455466
Synovus Financial Corp.,0.5770978998343672
Sysco Corporation,0.4011812406703732
"The TJX Companies, Inc.",0.3530548072885662
Target Corporation,0.7290734849139373
Teleflex Incorporated,0.8815055516086657
"Telephone and Data Systems, Inc.",0.4045418978800702
Tenet Healthcare Corporation,0.401624496758572
"Teradyne, Inc.",0.3793465854115262
Terex Corporation,0.30920933928632405
Teva Pharmaceutical Industries Limited,0.44637276433980566
Texas Instruments Incorporated,0.42337818239714914
Textron Inc.,0.3922719814561155
The ODP Corporation,0.353109794073452
Thermo Fisher Scientific Inc.,1.0385720089930508
"Thor Industries, Inc.",0.3695391721610354
3M Company,1.2465007744752457
Tidewater Inc.,0.3289794121993352
The Timken Company,0.32528512625282197
"Toll Brothers, Inc.",0.47882214097780096
The Toro Company,0.6838817243533886
"The Travelers Companies, Inc.",0.6452070832202171
Trimble Inc.,0.5689750304973585
"Trinity Industries, Inc.",0.7611462051613114
Truist Financial Corporation,0.37529727480270175
"Tyson Foods, Inc.",0.5175152245076353
"UDR, Inc.",0.47722690786795074
UGI Corporation,0.22116277710272655
U.S. Bancorp,0.3274785701733922
Union Pacific Corporation,0.8649889847616881
"United Natural Foods, Inc.",0.8741540491825583
"United Parcel Service, Inc.",0.38438298576874075
"United Rentals, Inc.",0.8592104802823489
United States Cellular Corporation,0.6188656148279071
United States Steel Corporation,0.4894094942725982
United Therapeutics Corporation,0.1374228709977586
UnitedHealth Group Incorporated,0.6157191867042078
"Universal Health Services, Inc.",0.13134900006762712
Unum Group,0.35009707709468474
"Urban Outfitters, Inc.",0.3503501882956641
"Valhi, Inc.",0.28262599198318616
Valero Energy Corporation,0.48690218216477954
Valley National Bancorp,0.4312221347383974
"Ventas, Inc.",0.4868137510164507
"VeriSign, Inc.",0.3678831142726932
Verizon Communications Inc.,0.4108407111881167
Vertex Pharmaceuticals Incorporated,0.9465031376427763
Viavi Solutions Inc.,0.8152363180731562
Paramount Global,0.6561622135218543
Viatris Inc.,0.7601028167281287
"Vishay Intertechnology, Inc.",0.3982555707550892
Vornado Realty Trust,0.7414863871547955
Vulcan Materials Company,0.7234600517328194
"WEC Energy Group, Inc.",0.5769086552226994
Westinghouse Air Brake Technologies Corporation,0.18732487006952253
Walmart Inc.,0.8176557068075273
"Walgreens Boots Alliance, Inc.",0.4443293821823362
"Washington Federal, Inc.",0.5564520639984896
"Waste Management, Inc.",0.5127284688009749
Waters Corporation,0.6848638773742323
"Watts Water Technologies, Inc.",0.7737576600311997
Wells Fargo & Company,0.5044757451107167
Welltower Inc.,0.8184932047112634
The Wendy's Company,0.9216752501154051
"WESCO International, Inc.",0.6213450475284227
Western Digital Corporation,0.4761141310522107
Weyerhaeuser Company,0.87646221658735
Whirlpool Corporation,0.404982428673901
"John Wiley & Sons, Inc.",0.3610079698241153
"The Williams Companies, Inc.",0.6698704945855496
"Williams-Sonoma, Inc.",0.781885940542338
"Wolfspeed, Inc.",0.6928682160911949
Xcel Energy Inc.,0.7828672074970757
Xerox Holdings Corporation,0.79403067760644
"YUM! Brands, Inc.",0.6560901778327279
Zebra Technologies Corporation,0.6353280733504677
"Zions Bancorporation, National Association",0.7334539750037408
AECI Ltd,0.6411259375726186
Nedbank Group Limited,0.7691744130068701
Pick n Pay Stores Limited,0.5084571772932787
Sappi Limited,0.8068149728130065
Sasol Limited,0.7337539391508198
Netcare Limited,1.0003093775256842
Shoprite Holdings Ltd,0.544537994919172
Anglo American Platinum Limited,0.6937345538287597
Harmony Gold Mining Company Limited,0.7326100661361359
Gold Fields Limited,0.6436141094909149
Discovery Limited,1.1232626598126478
Barloworld Limited,0.7200799304242905
Truworths International Limited,0.6052657195100325
MTN Group Limited,0.6172762804994592
African Rainbow Minerals Limited,0.7298068259004319
Reunert Limited,0.9161518212985355
Woolworths Holdings Limited,0.7148522909691947
FirstRand Limited,0.9236627561901039
